trip_id,phase,start_s,end_s,start_lon_deg,start_lat_deg,start_altitude_m,end_lon_deg,end_lat_deg,end_altitude_m,payload_kg,interpolation
T001,准备装载,0.0,330.0,109.2308517,23.0085095,127.7,109.2308517,23.0085095,127.7,14.0,linear_in_lon_lat_altitude
T001,爬升,330.0,409.4659464518229,109.2308517,23.0085095,127.7,109.2308517,23.0085095,366.09783935546875,14.0,linear_in_lon_lat_altitude
T001,巡航,409.4659464518229,674.9832946529609,109.2308517,23.0085095,366.09783935546875,109.1997836,23.007714,366.09783935546875,14.0,linear_in_lon_lat_altitude
T001,下降,674.9832946529609,695.5024303951484,109.1997836,23.007714,366.09783935546875,109.1997836,23.007714,314.8,14.0,linear_in_lon_lat_altitude
T001,交接,695.5024303951484,875.5024303951484,109.1997836,23.007714,314.8,109.1997836,23.007714,314.8,14.0,linear_in_lon_lat_altitude
T001,爬升,875.5024303951484,892.6017101803046,109.1997836,23.007714,314.8,109.1997836,23.007714,366.09783935546875,0.0,linear_in_lon_lat_altitude
T001,巡航,892.6017101803046,1158.1190583814425,109.1997836,23.007714,366.09783935546875,109.2308517,23.0085095,366.09783935546875,0.0,linear_in_lon_lat_altitude
T001,下降,1158.1190583814425,1253.4781941236301,109.2308517,23.0085095,366.09783935546875,109.2308517,23.0085095,127.7,0.0,linear_in_lon_lat_altitude
T002,准备装载,0.0,330.0,109.2308517,23.0085095,127.7,109.2308517,23.0085095,127.7,14.0,linear_in_lon_lat_altitude
T002,爬升,330.0,432.6455118815104,109.2308517,23.0085095,127.7,109.2308517,23.0085095,435.63653564453125,14.0,linear_in_lon_lat_altitude
T002,巡航,432.6455118815104,831.3534161851462,109.2308517,23.0085095,435.63653564453125,109.2760168,23.0194009,435.63653564453125,14.0,linear_in_lon_lat_altitude
T002,下降,831.3534161851462,864.9680304429587,109.2760168,23.0194009,435.63653564453125,109.2760168,23.0194009,351.6,14.0,linear_in_lon_lat_altitude
T002,交接,864.9680304429587,1044.9680304429587,109.2760168,23.0194009,351.6,109.2760168,23.0194009,351.6,14.0,linear_in_lon_lat_altitude
T002,爬升,1044.9680304429587,1072.980208991136,109.2760168,23.0194009,351.6,109.2760168,23.0194009,435.63653564453125,0.0,linear_in_lon_lat_altitude
T002,巡航,1072.980208991136,1471.6881132947717,109.2760168,23.0194009,435.63653564453125,109.2308517,23.0085095,435.63653564453125,0.0,linear_in_lon_lat_altitude
T002,下降,1471.6881132947717,1594.8627275525841,109.2308517,23.0085095,435.63653564453125,109.2308517,23.0085095,127.7,0.0,linear_in_lon_lat_altitude
T003,准备装载,0.0,330.0,109.2308517,23.0085095,127.7,109.2308517,23.0085095,127.7,14.0,linear_in_lon_lat_altitude
T003,爬升,330.0,420.4939412434896,109.2308517,23.0085095,127.7,109.2308517,23.0085095,399.18182373046875,14.0,linear_in_lon_lat_altitude
T003,巡航,420.4939412434896,824.5974726793655,109.2308517,23.0085095,399.18182373046875,109.2713839,23.0310882,399.18182373046875,14.0,linear_in_lon_lat_altitude
T003,下降,824.5974726793655,843.5902021715531,109.2713839,23.0310882,399.18182373046875,109.2713839,23.0310882,351.7,14.0,linear_in_lon_lat_altitude
T003,交接,843.5902021715531,1023.5902021715531,109.2713839,23.0310882,351.7,109.2713839,23.0310882,351.7,14.0,linear_in_lon_lat_altitude
T003,爬升,1023.5902021715531,1039.417476748376,109.2713839,23.0310882,351.7,109.2713839,23.0310882,399.18182373046875,0.0,linear_in_lon_lat_altitude
T003,巡航,1039.417476748376,1443.521008184252,109.2713839,23.0310882,399.18182373046875,109.2308517,23.0085095,399.18182373046875,0.0,linear_in_lon_lat_altitude
T003,下降,1443.521008184252,1552.1137376764395,109.2308517,23.0085095,399.18182373046875,109.2308517,23.0085095,127.7,0.0,linear_in_lon_lat_altitude
T004,准备装载,0.0,330.0,109.2308517,23.0085095,127.7,109.2308517,23.0085095,127.7,14.0,linear_in_lon_lat_altitude
T004,爬升,330.0,420.1797220865885,109.2308517,23.0085095,127.7,109.2308517,23.0085095,398.2391662597656,14.0,linear_in_lon_lat_altitude
T004,巡航,420.1797220865885,1063.0710928463525,109.2308517,23.0085095,398.2391662597656,109.2381714,23.0778414,398.2391662597656,14.0,linear_in_lon_lat_altitude
T004,下降,1063.0710928463525,1131.0467593502588,109.2381714,23.0778414,398.2391662597656,109.2381714,23.0778414,228.3,14.0,linear_in_lon_lat_altitude
T004,交接,1131.0467593502588,1311.0467593502588,109.2381714,23.0778414,228.3,109.2381714,23.0778414,228.3,14.0,linear_in_lon_lat_altitude
T004,爬升,1311.0467593502588,1367.693148103514,109.2381714,23.0778414,228.3,109.2381714,23.0778414,398.2391662597656,0.0,linear_in_lon_lat_altitude
T004,巡航,1367.693148103514,2010.584518863278,109.2381714,23.0778414,398.2391662597656,109.2308517,23.0085095,398.2391662597656,0.0,linear_in_lon_lat_altitude
T004,下降,2010.584518863278,2118.800185367184,109.2308517,23.0085095,398.2391662597656,109.2308517,23.0085095,127.7,0.0,linear_in_lon_lat_altitude
T005,准备装载,0.0,330.0,109.2308517,23.0085095,127.7,109.2308517,23.0085095,127.7,3.0,linear_in_lon_lat_altitude
T005,爬升,330.0,432.6455118815104,109.2308517,23.0085095,127.7,109.2308517,23.0085095,435.63653564453125,3.0,linear_in_lon_lat_altitude
T005,巡航,432.6455118815104,751.6118353244191,109.2308517,23.0085095,435.63653564453125,109.2760168,23.0194009,435.63653564453125,3.0,linear_in_lon_lat_altitude
T005,下降,751.6118353244191,785.2264495822316,109.2760168,23.0194009,435.63653564453125,109.2760168,23.0194009,351.6,3.0,linear_in_lon_lat_altitude
T005,交接,785.2264495822316,965.2264495822316,109.2760168,23.0194009,351.6,109.2760168,23.0194009,351.6,3.0,linear_in_lon_lat_altitude
T005,爬升,965.2264495822316,993.2386281304086,109.2760168,23.0194009,351.6,109.2760168,23.0194009,435.63653564453125,0.0,linear_in_lon_lat_altitude
T005,巡航,993.2386281304086,1312.2049515733174,109.2760168,23.0194009,435.63653564453125,109.2308517,23.0085095,435.63653564453125,0.0,linear_in_lon_lat_altitude
T005,下降,1312.2049515733174,1435.3795658311299,109.2308517,23.0085095,435.63653564453125,109.2308517,23.0085095,127.7,0.0,linear_in_lon_lat_altitude
T006,准备装载,0.0,330.0,109.2308517,23.0085095,127.7,109.2308517,23.0085095,127.7,3.0,linear_in_lon_lat_altitude
T006,爬升,330.0,420.4939412434896,109.2308517,23.0085095,127.7,109.2308517,23.0085095,399.18182373046875,3.0,linear_in_lon_lat_altitude
T006,巡航,420.4939412434896,743.7767663921903,109.2308517,23.0085095,399.18182373046875,109.2713839,23.0310882,399.18182373046875,3.0,linear_in_lon_lat_altitude
T006,下降,743.7767663921903,762.7694958843779,109.2713839,23.0310882,399.18182373046875,109.2713839,23.0310882,351.7,3.0,linear_in_lon_lat_altitude
T006,交接,762.7694958843779,942.7694958843779,109.2713839,23.0310882,351.7,109.2713839,23.0310882,351.7,3.0,linear_in_lon_lat_altitude
T006,爬升,942.7694958843779,958.5967704612008,109.2713839,23.0310882,351.7,109.2713839,23.0310882,399.18182373046875,0.0,linear_in_lon_lat_altitude
T006,巡航,958.5967704612008,1281.8795956099016,109.2713839,23.0310882,399.18182373046875,109.2308517,23.0085095,399.18182373046875,0.0,linear_in_lon_lat_altitude
T006,下降,1281.8795956099016,1390.4723251020891,109.2308517,23.0085095,399.18182373046875,109.2308517,23.0085095,127.7,0.0,linear_in_lon_lat_altitude
T007,准备装载,0.0,570.0,109.2308517,23.0085095,127.7,109.2308517,23.0085095,127.7,70.0,linear_in_lon_lat_altitude
T007,爬升,570.0,628.1426440429688,109.2308517,23.0085095,127.7,109.2308517,23.0085095,273.0566101074219,70.0,linear_in_lon_lat_altitude
T007,巡航,628.1426440429688,831.7412336108687,109.2308517,23.0085095,273.0566101074219,109.2432319,23.0335927,273.0566101074219,70.0,linear_in_lon_lat_altitude
T007,下降,831.7412336108687,876.2695386645796,109.2432319,23.0335927,273.0566101074219,109.2432319,23.0335927,184.0,70.0,linear_in_lon_lat_altitude
T007,交接,876.2695386645796,1380.2695386645796,109.2432319,23.0335927,184.0,109.2432319,23.0335927,184.0,70.0,linear_in_lon_lat_altitude
T007,爬升,1380.2695386645796,1415.8921827075483,109.2432319,23.0335927,184.0,109.2432319,23.0335927,273.0566101074219,0.0,linear_in_lon_lat_altitude
T007,巡航,1415.8921827075483,1619.4907722754483,109.2432319,23.0335927,273.0566101074219,109.2308517,23.0085095,273.0566101074219,0.0,linear_in_lon_lat_altitude
T007,下降,1619.4907722754483,1692.1690773291593,109.2308517,23.0085095,273.0566101074219,109.2308517,23.0085095,127.7,0.0,linear_in_lon_lat_altitude
T008,准备装载,0.0,510.0,109.2308517,23.0085095,127.7,109.2308517,23.0085095,127.7,67.0,linear_in_lon_lat_altitude
T008,爬升,510.0,582.5017016601563,109.2308517,23.0085095,127.7,109.2308517,23.0085095,308.9542541503906,67.0,linear_in_lon_lat_altitude
T008,巡航,582.5017016601563,1076.5890653324352,109.2308517,23.0085095,308.9542541503906,109.2585519,23.0703271,308.9542541503906,67.0,linear_in_lon_lat_altitude
T008,下降,1076.5890653324352,1121.3161924076305,109.2585519,23.0703271,308.9542541503906,109.2585519,23.0703271,219.5,67.0,linear_in_lon_lat_altitude
T008,交接,1121.3161924076305,1553.3161924076305,109.2585519,23.0703271,219.5,109.2585519,23.0703271,219.5,67.0,linear_in_lon_lat_altitude
T008,爬升,1553.3161924076305,1589.0978940677867,109.2585519,23.0703271,219.5,109.2585519,23.0703271,308.9542541503906,0.0,linear_in_lon_lat_altitude
T008,巡航,1589.0978940677867,2083.1852577400655,109.2585519,23.0703271,308.9542541503906,109.2308517,23.0085095,308.9542541503906,0.0,linear_in_lon_lat_altitude
T008,下降,2083.1852577400655,2173.812384815261,109.2308517,23.0085095,308.9542541503906,109.2308517,23.0085095,127.7,0.0,linear_in_lon_lat_altitude
T009,准备装载,1253.4781941236301,1583.4781941236301,109.2308517,23.0085095,127.7,109.2308517,23.0085095,127.7,3.0,linear_in_lon_lat_altitude
T009,爬升,1583.4781941236301,1638.6544982414687,109.2308517,23.0085095,127.7,109.2308517,23.0085095,293.2289123535156,3.0,linear_in_lon_lat_altitude
T009,巡航,1638.6544982414687,2114.0832450978887,109.2308517,23.0085095,293.2289123535156,109.2541424,23.0552989,293.2289123535156,3.0,linear_in_lon_lat_altitude
T009,下降,2114.0832450978887,2139.374810039295,109.2541424,23.0552989,293.2289123535156,109.2541424,23.0552989,230.0,3.0,linear_in_lon_lat_altitude
T009,交接,2139.374810039295,2319.374810039295,109.2541424,23.0552989,230.0,109.2541424,23.0552989,230.0,3.0,linear_in_lon_lat_altitude
T009,爬升,2319.374810039295,2340.4511141571334,109.2541424,23.0552989,230.0,109.2541424,23.0552989,293.2289123535156,0.0,linear_in_lon_lat_altitude
T009,巡航,2340.4511141571334,2815.879861013553,109.2541424,23.0552989,293.2289123535156,109.2308517,23.0085095,293.2289123535156,0.0,linear_in_lon_lat_altitude
T009,下降,2815.879861013553,2882.0914259549595,109.2308517,23.0085095,293.2289123535156,109.2308517,23.0085095,127.7,0.0,linear_in_lon_lat_altitude
T010,准备装载,1390.4723251020891,1780.4723251020891,109.2308517,23.0085095,127.7,109.2308517,23.0085095,127.7,25.0,linear_in_lon_lat_altitude
T010,爬升,1780.4723251020891,1875.6726567264382,109.2308517,23.0085095,127.7,109.2308517,23.0085095,413.3009948730469,25.0,linear_in_lon_lat_altitude
T010,巡航,1875.6726567264382,2368.3721025249633,109.2308517,23.0085095,413.3009948730469,109.2831357,23.054464,413.3009948730469,25.0,linear_in_lon_lat_altitude
T010,下降,2368.3721025249633,2421.772500474182,109.2831357,23.054464,413.3009948730469,109.2831357,23.054464,279.8,25.0,linear_in_lon_lat_altitude
T010,交接,2421.772500474182,2661.772500474182,109.2831357,23.054464,279.8,109.2831357,23.054464,279.8,25.0,linear_in_lon_lat_altitude
T010,爬升,2661.772500474182,2706.2728320985307,109.2831357,23.054464,279.8,109.2831357,23.054464,413.3009948730469,0.0,linear_in_lon_lat_altitude
T010,巡航,2706.2728320985307,3198.972277897056,109.2831357,23.054464,413.3009948730469,109.2308517,23.0085095,413.3009948730469,0.0,linear_in_lon_lat_altitude
T010,下降,3198.972277897056,3313.2126758462746,109.2308517,23.0085095,413.3009948730469,109.2308517,23.0085095,127.7,0.0,linear_in_lon_lat_altitude
T011,准备装载,1435.3795658311299,1825.3795658311299,109.2308517,23.0085095,127.7,109.2308517,23.0085095,127.7,25.0,linear_in_lon_lat_altitude
T011,爬升,1825.3795658311299,1980.1286950629008,109.2308517,23.0085095,127.7,109.2308517,23.0085095,591.9473876953125,25.0,linear_in_lon_lat_altitude
T011,巡航,1980.1286950629008,2341.4354856104437,109.2308517,23.0085095,591.9473876953125,109.2835966,23.0052097,591.9473876953125,25.0,linear_in_lon_lat_altitude
T011,下降,2341.4354856104437,2437.8144406885685,109.2835966,23.0052097,591.9473876953125,109.2835966,23.0052097,351.0,25.0,linear_in_lon_lat_altitude
T011,交接,2437.8144406885685,2677.8144406885685,109.2835966,23.0052097,351.0,109.2835966,23.0052097,351.0,25.0,linear_in_lon_lat_altitude
T011,爬升,2677.8144406885685,2758.130236587006,109.2835966,23.0052097,351.0,109.2835966,23.0052097,591.9473876953125,0.0,linear_in_lon_lat_altitude
T011,巡航,2758.130236587006,3119.4370271345488,109.2835966,23.0052097,591.9473876953125,109.2308517,23.0085095,591.9473876953125,0.0,linear_in_lon_lat_altitude
T011,下降,3119.4370271345488,3305.1359822126738,109.2308517,23.0085095,591.9473876953125,109.2308517,23.0085095,127.7,0.0,linear_in_lon_lat_altitude
T012,准备装载,1552.1137376764395,1882.1137376764395,109.2308517,23.0085095,127.7,109.2308517,23.0085095,127.7,3.0,linear_in_lon_lat_altitude
T012,爬升,1882.1137376764395,1938.0009894668042,109.2308517,23.0085095,127.7,109.2308517,23.0085095,295.36175537109375,3.0,linear_in_lon_lat_altitude
T012,巡航,1938.0009894668042,2172.007175523608,109.2308517,23.0085095,295.36175537109375,109.2203356,23.0319231,295.36175537109375,3.0,linear_in_lon_lat_altitude
T012,下降,2172.007175523608,2205.3118776720457,109.2203356,23.0319231,295.36175537109375,109.2203356,23.0319231,212.1,3.0,linear_in_lon_lat_altitude
T012,交接,2205.3118776720457,2385.3118776720457,109.2203356,23.0319231,212.1,109.2203356,23.0319231,212.1,3.0,linear_in_lon_lat_altitude
T012,爬升,2385.3118776720457,2413.0657961290767,109.2203356,23.0319231,212.1,109.2203356,23.0319231,295.36175537109375,0.0,linear_in_lon_lat_altitude
T012,巡航,2413.0657961290767,2647.0719821858806,109.2203356,23.0319231,295.36175537109375,109.2308517,23.0085095,295.36175537109375,0.0,linear_in_lon_lat_altitude
T012,下降,2647.0719821858806,2714.136684334318,109.2308517,23.0085095,295.36175537109375,109.2308517,23.0085095,127.7,0.0,linear_in_lon_lat_altitude
T013,准备装载,1692.1690773291593,2262.1690773291593,109.2308517,23.0085095,127.7,109.2308517,23.0085095,127.7,73.0,linear_in_lon_lat_altitude
T013,爬升,2262.1690773291593,2357.5282130713467,109.2308517,23.0085095,127.7,109.2308517,23.0085095,366.09783935546875,73.0,linear_in_lon_lat_altitude
T013,巡航,2357.5282130713467,2569.942091632257,109.2308517,23.0085095,366.09783935546875,109.1997836,23.007714,366.09783935546875,73.0,linear_in_lon_lat_altitude
T013,下降,2569.942091632257,2595.5910113099917,109.1997836,23.007714,366.09783935546875,109.1997836,23.007714,314.8,73.0,linear_in_lon_lat_altitude
T013,交接,2595.5910113099917,2811.5910113099917,109.1997836,23.007714,314.8,109.1997836,23.007714,314.8,73.0,linear_in_lon_lat_altitude
T013,爬升,2811.5910113099917,2921.8155425599916,109.1997836,23.007714,314.8,109.1997836,23.007714,590.361328125,70.0,linear_in_lon_lat_altitude
T013,巡航,2921.8155425599916,3088.9783259447354,109.1997836,23.007714,590.361328125,109.1928191,23.0294186,590.361328125,70.0,linear_in_lon_lat_altitude
T013,下降,3088.9783259447354,3209.9089900072354,109.1928191,23.0294186,590.361328125,109.1928191,23.0294186,348.5,70.0,linear_in_lon_lat_altitude
T013,交接,3209.9089900072354,3569.9089900072354,109.1928191,23.0294186,348.5,109.1928191,23.0294186,348.5,70.0,linear_in_lon_lat_altitude
T013,爬升,3569.9089900072354,3631.676275163485,109.1928191,23.0294186,348.5,109.1928191,23.0294186,502.918212890625,25.0,linear_in_lon_lat_altitude
T013,巡航,3631.676275163485,3779.633570624327,109.1928191,23.0294186,502.918212890625,109.1923786,23.0494548,502.918212890625,25.0,linear_in_lon_lat_altitude
T013,下降,3779.633570624327,3793.8426770696396,109.1923786,23.0494548,502.918212890625,109.1923786,23.0494548,474.5,25.0,linear_in_lon_lat_altitude
T013,交接,3793.8426770696396,4081.8426770696396,109.1923786,23.0494548,474.5,109.1923786,23.0494548,474.5,25.0,linear_in_lon_lat_altitude
T013,爬升,4081.8426770696396,4120.762379218077,109.1923786,23.0494548,474.5,109.1923786,23.0494548,571.7992553710938,0.0,linear_in_lon_lat_altitude
T013,巡航,4120.762379218077,4521.3879106594295,109.1923786,23.0494548,571.7992553710938,109.2308517,23.0085095,571.7992553710938,0.0,linear_in_lon_lat_altitude
T013,下降,4521.3879106594295,4743.437538344977,109.2308517,23.0085095,571.7992553710938,109.2308517,23.0085095,127.7,0.0,linear_in_lon_lat_altitude
T014,准备装载,1795.8217539638572,2125.821753963857,109.2308517,23.0085095,127.7,109.2308517,23.0085095,127.7,14.0,linear_in_lon_lat_altitude
T014,爬升,2125.821753963857,2180.9980580816955,109.2308517,23.0085095,127.7,109.2308517,23.0085095,293.2289123535156,14.0,linear_in_lon_lat_altitude
T014,巡航,2180.9980580816955,2656.4268049381153,109.2308517,23.0085095,293.2289123535156,109.2541424,23.0552989,293.2289123535156,14.0,linear_in_lon_lat_altitude
T014,下降,2656.4268049381153,2681.7183698795216,109.2541424,23.0552989,293.2289123535156,109.2541424,23.0552989,230.0,14.0,linear_in_lon_lat_altitude
T014,交接,2681.7183698795216,2861.7183698795216,109.2541424,23.0552989,230.0,109.2541424,23.0552989,230.0,14.0,linear_in_lon_lat_altitude
T014,爬升,2861.7183698795216,2882.7946739973604,109.2541424,23.0552989,230.0,109.2541424,23.0552989,293.2289123535156,0.0,linear_in_lon_lat_altitude
T014,巡航,2882.7946739973604,3358.22342085378,109.2541424,23.0552989,293.2289123535156,109.2308517,23.0085095,293.2289123535156,0.0,linear_in_lon_lat_altitude
T014,下降,3358.22342085378,3424.4349857951865,109.2308517,23.0085095,293.2289123535156,109.2308517,23.0085095,127.7,0.0,linear_in_lon_lat_altitude
T015,准备装载,2173.812384815261,2683.812384815261,109.2308517,23.0085095,127.7,109.2308517,23.0085095,127.7,67.0,linear_in_lon_lat_altitude
T015,爬升,2683.812384815261,2857.454040088698,109.2308517,23.0085095,127.7,109.2308517,23.0085095,561.8041381835938,67.0,linear_in_lon_lat_altitude
T015,巡航,2857.454040088698,3341.6659905257984,109.2308517,23.0085095,561.8041381835938,109.1688578,23.0402714,561.8041381835938,67.0,linear_in_lon_lat_altitude
T015,下降,3341.6659905257984,3453.3180596175953,109.1688578,23.0402714,561.8041381835938,109.1688578,23.0402714,338.5,67.0,linear_in_lon_lat_altitude
T015,交接,3453.3180596175953,3885.3180596175953,109.1688578,23.0402714,338.5,109.1688578,23.0402714,338.5,67.0,linear_in_lon_lat_altitude
T015,爬升,3885.3180596175953,3974.639714891033,109.1688578,23.0402714,338.5,109.1688578,23.0402714,561.8041381835938,0.0,linear_in_lon_lat_altitude
T015,巡航,3974.639714891033,4458.851665328133,109.1688578,23.0402714,561.8041381835938,109.2308517,23.0085095,561.8041381835938,0.0,linear_in_lon_lat_altitude
T015,下降,4458.851665328133,4675.90373441993,109.2308517,23.0085095,561.8041381835938,109.2308517,23.0085095,127.7,0.0,linear_in_lon_lat_altitude
T016,准备装载,2278.0703326671837,2608.0703326671837,109.2308517,23.0085095,127.7,109.2308517,23.0085095,127.7,14.0,linear_in_lon_lat_altitude
T016,爬升,2608.0703326671837,2663.9575844575484,109.2308517,23.0085095,127.7,109.2308517,23.0085095,295.36175537109375,14.0,linear_in_lon_lat_altitude
T016,巡航,2663.9575844575484,2897.9637705143523,109.2308517,23.0085095,295.36175537109375,109.2203356,23.0319231,295.36175537109375,14.0,linear_in_lon_lat_altitude
T016,下降,2897.9637705143523,2931.2684726627895,109.2203356,23.0319231,295.36175537109375,109.2203356,23.0319231,212.1,14.0,linear_in_lon_lat_altitude
T016,交接,2931.2684726627895,3111.2684726627895,109.2203356,23.0319231,212.1,109.2203356,23.0319231,212.1,14.0,linear_in_lon_lat_altitude
T016,爬升,3111.2684726627895,3139.022391119821,109.2203356,23.0319231,212.1,109.2203356,23.0319231,295.36175537109375,0.0,linear_in_lon_lat_altitude
T016,巡航,3139.022391119821,3373.028577176625,109.2203356,23.0319231,295.36175537109375,109.2308517,23.0085095,295.36175537109375,0.0,linear_in_lon_lat_altitude
T016,下降,3373.028577176625,3440.093279325062,109.2308517,23.0085095,295.36175537109375,109.2308517,23.0085095,127.7,0.0,linear_in_lon_lat_altitude
T017,准备装载,2714.136684334318,3044.136684334318,109.2308517,23.0085095,127.7,109.2308517,23.0085095,127.7,14.0,linear_in_lon_lat_altitude
T017,爬升,3044.136684334318,3092.5888877034586,109.2308517,23.0085095,127.7,109.2308517,23.0085095,273.0566101074219,14.0,linear_in_lon_lat_altitude
T017,巡航,3092.5888877034586,3347.0871246633337,109.2308517,23.0085095,273.0566101074219,109.2432319,23.0335927,273.0566101074219,14.0,linear_in_lon_lat_altitude
T017,下降,3347.0871246633337,3382.7097687063024,109.2432319,23.0335927,273.0566101074219,109.2432319,23.0335927,184.0,14.0,linear_in_lon_lat_altitude
T017,交接,3382.7097687063024,3562.7097687063024,109.2432319,23.0335927,184.0,109.2432319,23.0335927,184.0,14.0,linear_in_lon_lat_altitude
T017,爬升,3562.7097687063024,3592.3953054087765,109.2432319,23.0335927,184.0,109.2432319,23.0335927,273.0566101074219,0.0,linear_in_lon_lat_altitude
T017,巡航,3592.3953054087765,3846.8935423686517,109.2432319,23.0335927,273.0566101074219,109.2308517,23.0085095,273.0566101074219,0.0,linear_in_lon_lat_altitude
T017,下降,3846.8935423686517,3905.0361864116203,109.2308517,23.0085095,273.0566101074219,109.2308517,23.0085095,127.7,0.0,linear_in_lon_lat_altitude
T018,准备装载,3165.680668264692,3495.680668264692,109.2308517,23.0085095,127.7,109.2308517,23.0085095,127.7,14.0,linear_in_lon_lat_altitude
T018,爬升,3495.680668264692,3544.1328716338326,109.2308517,23.0085095,127.7,109.2308517,23.0085095,273.0566101074219,14.0,linear_in_lon_lat_altitude
T018,巡航,3544.1328716338326,3798.6311085937077,109.2308517,23.0085095,273.0566101074219,109.2432319,23.0335927,273.0566101074219,14.0,linear_in_lon_lat_altitude
T018,下降,3798.6311085937077,3834.2537526366764,109.2432319,23.0335927,273.0566101074219,109.2432319,23.0335927,184.0,14.0,linear_in_lon_lat_altitude
T018,交接,3834.2537526366764,4014.2537526366764,109.2432319,23.0335927,184.0,109.2432319,23.0335927,184.0,14.0,linear_in_lon_lat_altitude
T018,爬升,4014.2537526366764,4043.9392893391505,109.2432319,23.0335927,184.0,109.2432319,23.0335927,273.0566101074219,0.0,linear_in_lon_lat_altitude
T018,巡航,4043.9392893391505,4298.437526299025,109.2432319,23.0335927,273.0566101074219,109.2308517,23.0085095,273.0566101074219,0.0,linear_in_lon_lat_altitude
T018,下降,4298.437526299025,4356.580170341995,109.2308517,23.0085095,273.0566101074219,109.2308517,23.0085095,127.7,0.0,linear_in_lon_lat_altitude
T019,准备装载,3305.1359822126738,3635.1359822126738,109.2308517,23.0085095,127.7,109.2308517,23.0085095,127.7,14.0,linear_in_lon_lat_altitude
T019,爬升,3635.1359822126738,3683.5881855818143,109.2308517,23.0085095,127.7,109.2308517,23.0085095,273.0566101074219,14.0,linear_in_lon_lat_altitude
T019,巡航,3683.5881855818143,3887.1867751497143,109.2308517,23.0085095,273.0566101074219,109.2432319,23.0335927,273.0566101074219,14.0,linear_in_lon_lat_altitude
T019,下降,3887.1867751497143,3922.809419192683,109.2432319,23.0335927,273.0566101074219,109.2432319,23.0335927,184.0,14.0,linear_in_lon_lat_altitude
T019,交接,3922.809419192683,4102.809419192683,109.2432319,23.0335927,184.0,109.2432319,23.0335927,184.0,14.0,linear_in_lon_lat_altitude
T019,爬升,4102.809419192683,4132.494955895158,109.2432319,23.0335927,184.0,109.2432319,23.0335927,273.0566101074219,0.0,linear_in_lon_lat_altitude
T019,巡航,4132.494955895158,4336.093545463057,109.2432319,23.0335927,273.0566101074219,109.2308517,23.0085095,273.0566101074219,0.0,linear_in_lon_lat_altitude
T019,下降,4336.093545463057,4394.236189506026,109.2308517,23.0085095,273.0566101074219,109.2308517,23.0085095,127.7,0.0,linear_in_lon_lat_altitude
T020,准备装载,3313.2126758462746,3643.2126758462746,109.2308517,23.0085095,127.7,109.2308517,23.0085095,127.7,14.0,linear_in_lon_lat_altitude
T020,爬升,3643.2126758462746,3691.664879215415,109.2308517,23.0085095,127.7,109.2308517,23.0085095,273.0566101074219,14.0,linear_in_lon_lat_altitude
T020,巡航,3691.664879215415,3895.263468783315,109.2308517,23.0085095,273.0566101074219,109.2432319,23.0335927,273.0566101074219,14.0,linear_in_lon_lat_altitude
T020,下降,3895.263468783315,3930.886112826284,109.2432319,23.0335927,273.0566101074219,109.2432319,23.0335927,184.0,14.0,linear_in_lon_lat_altitude
T020,交接,3930.886112826284,4110.886112826284,109.2432319,23.0335927,184.0,109.2432319,23.0335927,184.0,14.0,linear_in_lon_lat_altitude
T020,爬升,4110.886112826284,4140.571649528758,109.2432319,23.0335927,184.0,109.2432319,23.0335927,273.0566101074219,0.0,linear_in_lon_lat_altitude
T020,巡航,4140.571649528758,4344.170239096658,109.2432319,23.0335927,273.0566101074219,109.2308517,23.0085095,273.0566101074219,0.0,linear_in_lon_lat_altitude
T020,下降,4344.170239096658,4402.312883139626,109.2308517,23.0085095,273.0566101074219,109.2308517,23.0085095,127.7,0.0,linear_in_lon_lat_altitude
T021,准备装载,3424.4349857951865,3754.4349857951865,109.2308517,23.0085095,127.7,109.2308517,23.0085095,127.7,14.0,linear_in_lon_lat_altitude
T021,爬升,3754.4349857951865,3802.887189164327,109.2308517,23.0085095,127.7,109.2308517,23.0085095,273.0566101074219,14.0,linear_in_lon_lat_altitude
T021,巡航,3802.887189164327,4057.3854261242022,109.2308517,23.0085095,273.0566101074219,109.2432319,23.0335927,273.0566101074219,14.0,linear_in_lon_lat_altitude
T021,下降,4057.3854261242022,4093.008070167171,109.2432319,23.0335927,273.0566101074219,109.2432319,23.0335927,184.0,14.0,linear_in_lon_lat_altitude
T021,交接,4093.008070167171,4273.00807016717,109.2432319,23.0335927,184.0,109.2432319,23.0335927,184.0,14.0,linear_in_lon_lat_altitude
T021,爬升,4273.00807016717,4302.693606869645,109.2432319,23.0335927,184.0,109.2432319,23.0335927,273.0566101074219,0.0,linear_in_lon_lat_altitude
T021,巡航,4302.693606869645,4557.19184382952,109.2432319,23.0335927,273.0566101074219,109.2308517,23.0085095,273.0566101074219,0.0,linear_in_lon_lat_altitude
T021,下降,4557.19184382952,4615.334487872489,109.2308517,23.0085095,273.0566101074219,109.2308517,23.0085095,127.7,0.0,linear_in_lon_lat_altitude
T022,准备装载,3665.9646704365687,3995.9646704365687,109.2308517,23.0085095,127.7,109.2308517,23.0085095,127.7,14.0,linear_in_lon_lat_altitude
T022,爬升,3995.9646704365687,4044.416873805709,109.2308517,23.0085095,127.7,109.2308517,23.0085095,273.0566101074219,14.0,linear_in_lon_lat_altitude
T022,巡航,4044.416873805709,4298.915110765584,109.2308517,23.0085095,273.0566101074219,109.2432319,23.0335927,273.0566101074219,14.0,linear_in_lon_lat_altitude
T022,下降,4298.915110765584,4334.537754808553,109.2432319,23.0335927,273.0566101074219,109.2432319,23.0335927,184.0,14.0,linear_in_lon_lat_altitude
T022,交接,4334.537754808553,4514.537754808553,109.2432319,23.0335927,184.0,109.2432319,23.0335927,184.0,14.0,linear_in_lon_lat_altitude
T022,爬升,4514.537754808553,4544.223291511027,109.2432319,23.0335927,184.0,109.2432319,23.0335927,273.0566101074219,0.0,linear_in_lon_lat_altitude
T022,巡航,4544.223291511027,4798.721528470902,109.2432319,23.0335927,273.0566101074219,109.2308517,23.0085095,273.0566101074219,0.0,linear_in_lon_lat_altitude
T022,下降,4798.721528470902,4856.864172513871,109.2308517,23.0085095,273.0566101074219,109.2308517,23.0085095,127.7,0.0,linear_in_lon_lat_altitude
T023,准备装载,3937.2619219931075,4267.2619219931075,109.2308517,23.0085095,127.7,109.2308517,23.0085095,127.7,14.0,linear_in_lon_lat_altitude
T023,爬升,4267.2619219931075,4327.680006709905,109.2308517,23.0085095,127.7,109.2308517,23.0085095,308.9542541503906,14.0,linear_in_lon_lat_altitude
T023,巡航,4327.680006709905,4945.289211300253,109.2308517,23.0085095,308.9542541503906,109.2585519,23.0703271,308.9542541503906,14.0,linear_in_lon_lat_altitude
T023,下降,4945.289211300253,4981.070912960409,109.2585519,23.0703271,308.9542541503906,109.2585519,23.0703271,219.5,14.0,linear_in_lon_lat_altitude
T023,交接,4981.070912960409,5161.070912960409,109.2585519,23.0703271,219.5,109.2585519,23.0703271,219.5,14.0,linear_in_lon_lat_altitude
T023,爬升,5161.070912960409,5190.888997677206,109.2585519,23.0703271,219.5,109.2585519,23.0703271,308.9542541503906,0.0,linear_in_lon_lat_altitude
T023,巡航,5190.888997677206,5808.498202267555,109.2585519,23.0703271,308.9542541503906,109.2308517,23.0085095,308.9542541503906,0.0,linear_in_lon_lat_altitude
T023,下降,5808.498202267555,5880.999903927711,109.2308517,23.0085095,308.9542541503906,109.2308517,23.0085095,127.7,0.0,linear_in_lon_lat_altitude
T024,准备装载,4356.580170341995,4686.580170341995,109.2308517,23.0085095,127.7,109.2308517,23.0085095,127.7,14.0,linear_in_lon_lat_altitude
T024,爬升,4686.580170341995,4766.046116793817,109.2308517,23.0085095,127.7,109.2308517,23.0085095,366.09783935546875,14.0,linear_in_lon_lat_altitude
T024,巡航,4766.046116793817,5031.563464994955,109.2308517,23.0085095,366.09783935546875,109.1997836,23.007714,366.09783935546875,14.0,linear_in_lon_lat_altitude
T024,下降,5031.563464994955,5052.082600737143,109.1997836,23.007714,366.09783935546875,109.1997836,23.007714,314.8,14.0,linear_in_lon_lat_altitude
T024,交接,5052.082600737143,5232.082600737143,109.1997836,23.007714,314.8,109.1997836,23.007714,314.8,14.0,linear_in_lon_lat_altitude
T024,爬升,5232.082600737143,5249.181880522299,109.1997836,23.007714,314.8,109.1997836,23.007714,366.09783935546875,0.0,linear_in_lon_lat_altitude
T024,巡航,5249.181880522299,5514.699228723437,109.1997836,23.007714,366.09783935546875,109.2308517,23.0085095,366.09783935546875,0.0,linear_in_lon_lat_altitude
T024,下降,5514.699228723437,5610.058364465625,109.2308517,23.0085095,366.09783935546875,109.2308517,23.0085095,127.7,0.0,linear_in_lon_lat_altitude
T025,准备装载,4569.3043244592145,4899.3043244592145,109.2308517,23.0085095,127.7,109.2308517,23.0085095,127.7,14.0,linear_in_lon_lat_altitude
T025,爬升,4899.3043244592145,4978.770270911037,109.2308517,23.0085095,127.7,109.2308517,23.0085095,366.09783935546875,14.0,linear_in_lon_lat_altitude
T025,巡航,4978.770270911037,5191.184149471947,109.2308517,23.0085095,366.09783935546875,109.1997836,23.007714,366.09783935546875,14.0,linear_in_lon_lat_altitude
T025,下降,5191.184149471947,5211.703285214136,109.1997836,23.007714,366.09783935546875,109.1997836,23.007714,314.8,14.0,linear_in_lon_lat_altitude
T025,交接,5211.703285214136,5391.703285214136,109.1997836,23.007714,314.8,109.1997836,23.007714,314.8,14.0,linear_in_lon_lat_altitude
T025,爬升,5391.703285214136,5408.8025649992915,109.1997836,23.007714,314.8,109.1997836,23.007714,366.09783935546875,0.0,linear_in_lon_lat_altitude
T025,巡航,5408.8025649992915,5621.216443560202,109.1997836,23.007714,366.09783935546875,109.2308517,23.0085095,366.09783935546875,0.0,linear_in_lon_lat_altitude
T025,下降,5621.216443560202,5716.575579302389,109.2308517,23.0085095,366.09783935546875,109.2308517,23.0085095,127.7,0.0,linear_in_lon_lat_altitude
T026,准备装载,4615.334487872489,4945.334487872489,109.2308517,23.0085095,127.7,109.2308517,23.0085095,127.7,14.0,linear_in_lon_lat_altitude
T026,爬升,4945.334487872489,5035.514209959078,109.2308517,23.0085095,127.7,109.2308517,23.0085095,398.2391662597656,14.0,linear_in_lon_lat_altitude
T026,巡航,5035.514209959078,5678.4055807188415,109.2308517,23.0085095,398.2391662597656,109.2381714,23.0778414,398.2391662597656,14.0,linear_in_lon_lat_altitude
T026,下降,5678.4055807188415,5746.381247222748,109.2381714,23.0778414,398.2391662597656,109.2381714,23.0778414,228.3,14.0,linear_in_lon_lat_altitude
T026,交接,5746.381247222748,5926.381247222748,109.2381714,23.0778414,228.3,109.2381714,23.0778414,228.3,14.0,linear_in_lon_lat_altitude
T026,爬升,5926.381247222748,5983.027635976003,109.2381714,23.0778414,228.3,109.2381714,23.0778414,398.2391662597656,0.0,linear_in_lon_lat_altitude
T026,巡航,5983.027635976003,6625.919006735767,109.2381714,23.0778414,398.2391662597656,109.2308517,23.0085095,398.2391662597656,0.0,linear_in_lon_lat_altitude
T026,下降,6625.919006735767,6734.134673239673,109.2308517,23.0085095,398.2391662597656,109.2308517,23.0085095,127.7,0.0,linear_in_lon_lat_altitude
T027,准备装载,4675.90373441993,5215.90373441993,109.2308517,23.0085095,127.7,109.2308517,23.0085095,127.7,70.0,linear_in_lon_lat_altitude
T027,爬升,5215.90373441993,5295.38808988868,109.2308517,23.0085095,127.7,109.2308517,23.0085095,326.410888671875,70.0,linear_in_lon_lat_altitude
T027,巡航,5295.38808988868,5647.4285523468825,109.2308517,23.0085095,326.410888671875,109.2283003,23.0561338,326.410888671875,70.0,linear_in_lon_lat_altitude
T027,下降,5647.4285523468825,5713.13399668282,109.2283003,23.0561338,326.410888671875,109.2283003,23.0561338,195.0,70.0,linear_in_lon_lat_altitude
T027,交接,5713.13399668282,6109.13399668282,109.2283003,23.0561338,195.0,109.2283003,23.0561338,195.0,70.0,linear_in_lon_lat_altitude
T027,爬升,6109.13399668282,6177.4566285187575,109.2283003,23.0561338,195.0,109.2283003,23.0561338,365.80657958984375,11.0,linear_in_lon_lat_altitude
T027,巡航,6177.4566285187575,6351.332732083036,109.2283003,23.0561338,365.80657958984375,109.2381714,23.0778414,365.80657958984375,11.0,linear_in_lon_lat_altitude
T027,下降,6351.332732083036,6420.086021877958,109.2381714,23.0778414,365.80657958984375,109.2381714,23.0778414,228.3,11.0,linear_in_lon_lat_altitude
T027,交接,6420.086021877958,6672.086021877958,109.2381714,23.0778414,228.3,109.2381714,23.0778414,228.3,11.0,linear_in_lon_lat_altitude
T027,爬升,6672.086021877958,6740.061688381864,109.2381714,23.0778414,228.3,109.2381714,23.0778414,398.2391662597656,0.0,linear_in_lon_lat_altitude
T027,巡航,6740.061688381864,7254.374784989675,109.2381714,23.0778414,398.2391662597656,109.2308517,23.0085095,398.2391662597656,0.0,linear_in_lon_lat_altitude
T027,下降,7254.374784989675,7389.644368119558,109.2308517,23.0085095,398.2391662597656,109.2308517,23.0085095,127.7,0.0,linear_in_lon_lat_altitude
T028,准备装载,4743.437538344977,5193.437538344977,109.2308517,23.0085095,127.7,109.2308517,23.0085095,127.7,45.0,linear_in_lon_lat_altitude
T028,爬升,5193.437538344977,5291.521271255133,109.2308517,23.0085095,127.7,109.2308517,23.0085095,372.9093322753906,45.0,linear_in_lon_lat_altitude
T028,巡航,5291.521271255133,5830.1234787500125,109.2308517,23.0085095,372.9093322753906,109.2127472,23.0795113,372.9093322753906,45.0,linear_in_lon_lat_altitude
T028,下降,5830.1234787500125,5881.128144887708,109.2127472,23.0795113,372.9093322753906,109.2127472,23.0795113,270.9,45.0,linear_in_lon_lat_altitude
T028,交接,5881.128144887708,6241.128144887708,109.2127472,23.0795113,270.9,109.2127472,23.0795113,270.9,45.0,linear_in_lon_lat_altitude
T028,爬升,6241.128144887708,6281.931877797864,109.2127472,23.0795113,270.9,109.2127472,23.0795113,372.9093322753906,0.0,linear_in_lon_lat_altitude
T028,巡航,6281.931877797864,6820.534085292743,109.2127472,23.0795113,372.9093322753906,109.2308517,23.0085095,372.9093322753906,0.0,linear_in_lon_lat_altitude
T028,下降,6820.534085292743,6943.138751430439,109.2308517,23.0085095,372.9093322753906,109.2308517,23.0085095,127.7,0.0,linear_in_lon_lat_altitude
T029,准备装载,4842.592205327028,5172.592205327028,109.2308517,23.0085095,127.7,109.2308517,23.0085095,127.7,14.0,linear_in_lon_lat_altitude
T029,爬升,5172.592205327028,5317.2935847215595,109.2308517,23.0085095,127.7,109.2308517,23.0085095,561.8041381835938,14.0,linear_in_lon_lat_altitude
T029,巡航,5317.2935847215595,5801.505535158659,109.2308517,23.0085095,561.8041381835938,109.1688578,23.0402714,561.8041381835938,14.0,linear_in_lon_lat_altitude
T029,下降,5801.505535158659,5890.827190432096,109.1688578,23.0402714,561.8041381835938,109.1688578,23.0402714,338.5,14.0,linear_in_lon_lat_altitude
T029,交接,5890.827190432096,6070.827190432096,109.1688578,23.0402714,338.5,109.1688578,23.0402714,338.5,14.0,linear_in_lon_lat_altitude
T029,爬升,6070.827190432096,6145.261903159961,109.1688578,23.0402714,338.5,109.1688578,23.0402714,561.8041381835938,0.0,linear_in_lon_lat_altitude
T029,巡航,6145.261903159961,6629.473853597061,109.1688578,23.0402714,561.8041381835938,109.2308517,23.0085095,561.8041381835938,0.0,linear_in_lon_lat_altitude
T029,下降,6629.473853597061,6803.115508870498,109.2308517,23.0085095,561.8041381835938,109.2308517,23.0085095,127.7,0.0,linear_in_lon_lat_altitude
T030,准备装载,4878.88760552178,5208.88760552178,109.2308517,23.0085095,127.7,109.2308517,23.0085095,127.7,14.0,linear_in_lon_lat_altitude
T030,爬升,5208.88760552178,5299.067327608368,109.2308517,23.0085095,127.7,109.2308517,23.0085095,398.2391662597656,14.0,linear_in_lon_lat_altitude
T030,巡航,5299.067327608368,5941.958698368132,109.2308517,23.0085095,398.2391662597656,109.2381714,23.0778414,398.2391662597656,14.0,linear_in_lon_lat_altitude
T030,下降,5941.958698368132,6009.934364872039,109.2381714,23.0778414,398.2391662597656,109.2381714,23.0778414,228.3,14.0,linear_in_lon_lat_altitude
T030,交接,6009.934364872039,6189.934364872039,109.2381714,23.0778414,228.3,109.2381714,23.0778414,228.3,14.0,linear_in_lon_lat_altitude
T030,爬升,6189.934364872039,6246.580753625294,109.2381714,23.0778414,228.3,109.2381714,23.0778414,398.2391662597656,0.0,linear_in_lon_lat_altitude
T030,巡航,6246.580753625294,6889.472124385058,109.2381714,23.0778414,398.2391662597656,109.2308517,23.0085095,398.2391662597656,0.0,linear_in_lon_lat_altitude
T030,下降,6889.472124385058,6997.687790888964,109.2308517,23.0085095,398.2391662597656,109.2308517,23.0085095,127.7,0.0,linear_in_lon_lat_altitude
T031,准备装载,5610.058364465625,5940.058364465625,109.2308517,23.0085095,127.7,109.2308517,23.0085095,127.7,8.0,linear_in_lon_lat_altitude
T031,爬升,5940.058364465625,6019.524310917448,109.2308517,23.0085095,127.7,109.2308517,23.0085095,366.09783935546875,8.0,linear_in_lon_lat_altitude
T031,巡航,6019.524310917448,6285.041659118586,109.2308517,23.0085095,366.09783935546875,109.1997836,23.007714,366.09783935546875,8.0,linear_in_lon_lat_altitude
T031,下降,6285.041659118586,6305.560794860774,109.1997836,23.007714,366.09783935546875,109.1997836,23.007714,314.8,8.0,linear_in_lon_lat_altitude
T031,交接,6305.560794860774,6485.560794860774,109.1997836,23.007714,314.8,109.1997836,23.007714,314.8,8.0,linear_in_lon_lat_altitude
T031,爬升,6485.560794860774,6502.66007464593,109.1997836,23.007714,314.8,109.1997836,23.007714,366.09783935546875,0.0,linear_in_lon_lat_altitude
T031,巡航,6502.66007464593,6768.177422847068,109.1997836,23.007714,366.09783935546875,109.2308517,23.0085095,366.09783935546875,0.0,linear_in_lon_lat_altitude
T031,下降,6768.177422847068,6863.536558589256,109.2308517,23.0085095,366.09783935546875,109.2308517,23.0085095,127.7,0.0,linear_in_lon_lat_altitude
T032,准备装载,5716.575579302389,6046.575579302389,109.2308517,23.0085095,127.7,109.2308517,23.0085095,127.7,8.0,linear_in_lon_lat_altitude
T032,爬升,6046.575579302389,6149.221091183899,109.2308517,23.0085095,127.7,109.2308517,23.0085095,435.63653564453125,8.0,linear_in_lon_lat_altitude
T032,巡航,6149.221091183899,6468.187414626808,109.2308517,23.0085095,435.63653564453125,109.2760168,23.0194009,435.63653564453125,8.0,linear_in_lon_lat_altitude
T032,下降,6468.187414626808,6501.802028884621,109.2760168,23.0194009,435.63653564453125,109.2760168,23.0194009,351.6,8.0,linear_in_lon_lat_altitude
T032,交接,6501.802028884621,6681.802028884621,109.2760168,23.0194009,351.6,109.2760168,23.0194009,351.6,8.0,linear_in_lon_lat_altitude
T032,爬升,6681.802028884621,6709.814207432798,109.2760168,23.0194009,351.6,109.2760168,23.0194009,435.63653564453125,0.0,linear_in_lon_lat_altitude
T032,巡航,6709.814207432798,7028.780530875707,109.2760168,23.0194009,435.63653564453125,109.2308517,23.0085095,435.63653564453125,0.0,linear_in_lon_lat_altitude
T032,下降,7028.780530875707,7151.955145133519,109.2308517,23.0085095,435.63653564453125,109.2308517,23.0085095,127.7,0.0,linear_in_lon_lat_altitude
T033,准备装载,5880.999903927711,6210.999903927711,109.2308517,23.0085095,127.7,109.2308517,23.0085095,127.7,8.0,linear_in_lon_lat_altitude
T033,爬升,6210.999903927711,6301.4938451712005,109.2308517,23.0085095,127.7,109.2308517,23.0085095,399.18182373046875,8.0,linear_in_lon_lat_altitude
T033,巡航,6301.4938451712005,6705.5973766070765,109.2308517,23.0085095,399.18182373046875,109.2713839,23.0310882,399.18182373046875,8.0,linear_in_lon_lat_altitude
T033,下降,6705.5973766070765,6724.590106099264,109.2713839,23.0310882,399.18182373046875,109.2713839,23.0310882,351.7,8.0,linear_in_lon_lat_altitude
T033,交接,6724.590106099264,6904.590106099264,109.2713839,23.0310882,351.7,109.2713839,23.0310882,351.7,8.0,linear_in_lon_lat_altitude
T033,爬升,6904.590106099264,6920.417380676086,109.2713839,23.0310882,351.7,109.2713839,23.0310882,399.18182373046875,0.0,linear_in_lon_lat_altitude
T033,巡航,6920.417380676086,7324.520912111962,109.2713839,23.0310882,399.18182373046875,109.2308517,23.0085095,399.18182373046875,0.0,linear_in_lon_lat_altitude
T033,下降,7324.520912111962,7433.11364160415,109.2308517,23.0085095,399.18182373046875,109.2308517,23.0085095,127.7,0.0,linear_in_lon_lat_altitude
T034,准备装载,6734.134673239673,7064.134673239673,109.2308517,23.0085095,127.7,109.2308517,23.0085095,127.7,6.0,linear_in_lon_lat_altitude
T034,爬升,7064.134673239673,7154.314395326262,109.2308517,23.0085095,127.7,109.2308517,23.0085095,398.2391662597656,6.0,linear_in_lon_lat_altitude
T034,巡航,7154.314395326262,7797.2057660860255,109.2308517,23.0085095,398.2391662597656,109.2381714,23.0778414,398.2391662597656,6.0,linear_in_lon_lat_altitude
T034,下降,7797.2057660860255,7865.181432589932,109.2381714,23.0778414,398.2391662597656,109.2381714,23.0778414,228.3,6.0,linear_in_lon_lat_altitude
T034,交接,7865.181432589932,8045.181432589932,109.2381714,23.0778414,228.3,109.2381714,23.0778414,228.3,6.0,linear_in_lon_lat_altitude
T034,爬升,8045.181432589932,8101.827821343188,109.2381714,23.0778414,228.3,109.2381714,23.0778414,398.2391662597656,0.0,linear_in_lon_lat_altitude
T034,巡航,8101.827821343188,8744.719192102952,109.2381714,23.0778414,398.2391662597656,109.2308517,23.0085095,398.2391662597656,0.0,linear_in_lon_lat_altitude
T034,下降,8744.719192102952,8852.934858606857,109.2308517,23.0085095,398.2391662597656,109.2308517,23.0085095,127.7,0.0,linear_in_lon_lat_altitude
T035,准备装载,6803.115508870498,7133.115508870498,109.2308517,23.0085095,127.7,109.2308517,23.0085095,127.7,6.0,linear_in_lon_lat_altitude
T035,爬升,7133.115508870498,7212.581455322321,109.2308517,23.0085095,127.7,109.2308517,23.0085095,366.09783935546875,6.0,linear_in_lon_lat_altitude
T035,巡航,7212.581455322321,7424.995333883231,109.2308517,23.0085095,366.09783935546875,109.1997836,23.007714,366.09783935546875,6.0,linear_in_lon_lat_altitude
T035,下降,7424.995333883231,7445.514469625419,109.1997836,23.007714,366.09783935546875,109.1997836,23.007714,314.8,6.0,linear_in_lon_lat_altitude
T035,交接,7445.514469625419,7625.514469625419,109.1997836,23.007714,314.8,109.1997836,23.007714,314.8,6.0,linear_in_lon_lat_altitude
T035,爬升,7625.514469625419,7642.613749410575,109.1997836,23.007714,314.8,109.1997836,23.007714,366.09783935546875,0.0,linear_in_lon_lat_altitude
T035,巡航,7642.613749410575,7855.027627971485,109.1997836,23.007714,366.09783935546875,109.2308517,23.0085095,366.09783935546875,0.0,linear_in_lon_lat_altitude
T035,下降,7855.027627971485,7950.386763713674,109.2308517,23.0085095,366.09783935546875,109.2308517,23.0085095,127.7,0.0,linear_in_lon_lat_altitude
T036,准备装载,6880.524932076295,7210.524932076295,109.2308517,23.0085095,127.7,109.2308517,23.0085095,127.7,8.0,linear_in_lon_lat_altitude
T036,爬升,7210.524932076295,7266.41218386666,109.2308517,23.0085095,127.7,109.2308517,23.0085095,295.36175537109375,8.0,linear_in_lon_lat_altitude
T036,巡航,7266.41218386666,7500.418369923464,109.2308517,23.0085095,295.36175537109375,109.2203356,23.0319231,295.36175537109375,8.0,linear_in_lon_lat_altitude
T036,下降,7500.418369923464,7533.723072071901,109.2203356,23.0319231,295.36175537109375,109.2203356,23.0319231,212.1,8.0,linear_in_lon_lat_altitude
T036,交接,7533.723072071901,7713.723072071901,109.2203356,23.0319231,212.1,109.2203356,23.0319231,212.1,8.0,linear_in_lon_lat_altitude
T036,爬升,7713.723072071901,7741.476990528932,109.2203356,23.0319231,212.1,109.2203356,23.0319231,295.36175537109375,0.0,linear_in_lon_lat_altitude
T036,巡航,7741.476990528932,7975.483176585736,109.2203356,23.0319231,295.36175537109375,109.2308517,23.0085095,295.36175537109375,0.0,linear_in_lon_lat_altitude
T036,下降,7975.483176585736,8042.5478787341735,109.2308517,23.0085095,295.36175537109375,109.2308517,23.0085095,127.7,0.0,linear_in_lon_lat_altitude
T037,准备装载,6943.138751430439,7273.138751430439,109.2308517,23.0085095,127.7,109.2308517,23.0085095,127.7,8.0,linear_in_lon_lat_altitude
T037,爬升,7273.138751430439,7339.350316371845,109.2308517,23.0085095,127.7,109.2308517,23.0085095,293.2289123535156,8.0,linear_in_lon_lat_altitude
T037,巡航,7339.350316371845,7719.693313856981,109.2308517,23.0085095,293.2289123535156,109.2541424,23.0552989,293.2289123535156,8.0,linear_in_lon_lat_altitude
T037,下降,7719.693313856981,7751.307770033739,109.2541424,23.0552989,293.2289123535156,109.2541424,23.0552989,230.0,8.0,linear_in_lon_lat_altitude
T037,交接,7751.307770033739,7967.307770033739,109.2541424,23.0552989,230.0,109.2541424,23.0552989,230.0,8.0,linear_in_lon_lat_altitude
T037,爬升,7967.307770033739,7992.599334975145,109.2541424,23.0552989,230.0,109.2541424,23.0552989,293.2289123535156,0.0,linear_in_lon_lat_altitude
T037,巡航,7992.599334975145,8372.942332460281,109.2541424,23.0552989,293.2289123535156,109.2308517,23.0085095,293.2289123535156,0.0,linear_in_lon_lat_altitude
T037,下降,8372.942332460281,8455.706788637039,109.2308517,23.0085095,293.2289123535156,109.2308517,23.0085095,127.7,0.0,linear_in_lon_lat_altitude
