uav_id,trip_id,phase,start_s,end_s,run_id
U01,T001,准备装载,0.0,330.0,20260923_191417_344885
U01,T001,爬升,330.0,409.4659464518229,20260923_191417_344885
U01,T001,巡航,409.4659464518229,674.9832946529609,20260923_191417_344885
U01,T001,下降,674.9832946529609,695.5024303951484,20260923_191417_344885
U01,T001,交接,695.5024303951484,875.5024303951484,20260923_191417_344885
U01,T001,爬升,875.5024303951484,892.6017101803046,20260923_191417_344885
U01,T001,巡航,892.6017101803046,1158.1190583814425,20260923_191417_344885
U01,T001,下降,1158.1190583814425,1253.4781941236301,20260923_191417_344885
U02,T002,准备装载,0.0,330.0,20260923_191417_344885
U02,T002,爬升,330.0,432.6455118815104,20260923_191417_344885
U02,T002,巡航,432.6455118815104,831.3534161851462,20260923_191417_344885
U02,T002,下降,831.3534161851462,864.9680304429587,20260923_191417_344885
U02,T002,交接,864.9680304429587,1044.9680304429587,20260923_191417_344885
U02,T002,爬升,1044.9680304429587,1072.980208991136,20260923_191417_344885
U02,T002,巡航,1072.980208991136,1471.6881132947717,20260923_191417_344885
U02,T002,下降,1471.6881132947717,1594.8627275525841,20260923_191417_344885
U03,T003,准备装载,0.0,330.0,20260923_191417_344885
U03,T003,爬升,330.0,420.4939412434896,20260923_191417_344885
U03,T003,巡航,420.4939412434896,824.5974726793655,20260923_191417_344885
U03,T003,下降,824.5974726793655,843.5902021715531,20260923_191417_344885
U03,T003,交接,843.5902021715531,1023.5902021715531,20260923_191417_344885
U03,T003,爬升,1023.5902021715531,1039.417476748376,20260923_191417_344885
U03,T003,巡航,1039.417476748376,1443.521008184252,20260923_191417_344885
U03,T003,下降,1443.521008184252,1552.1137376764395,20260923_191417_344885
U04,T004,准备装载,0.0,330.0,20260923_191417_344885
U04,T004,爬升,330.0,420.1797220865885,20260923_191417_344885
U04,T004,巡航,420.1797220865885,1063.0710928463525,20260923_191417_344885
U04,T004,下降,1063.0710928463525,1131.0467593502588,20260923_191417_344885
U04,T004,交接,1131.0467593502588,1311.0467593502588,20260923_191417_344885
U04,T004,爬升,1311.0467593502588,1367.693148103514,20260923_191417_344885
U04,T004,巡航,1367.693148103514,2010.584518863278,20260923_191417_344885
U04,T004,下降,2010.584518863278,2118.800185367184,20260923_191417_344885
U05,T005,准备装载,0.0,330.0,20260923_191417_344885
U05,T005,爬升,330.0,432.6455118815104,20260923_191417_344885
U05,T005,巡航,432.6455118815104,751.6118353244191,20260923_191417_344885
U05,T005,下降,751.6118353244191,785.2264495822316,20260923_191417_344885
U05,T005,交接,785.2264495822316,965.2264495822316,20260923_191417_344885
U05,T005,爬升,965.2264495822316,993.2386281304086,20260923_191417_344885
U05,T005,巡航,993.2386281304086,1312.2049515733174,20260923_191417_344885
U05,T005,下降,1312.2049515733174,1435.3795658311299,20260923_191417_344885
U06,T006,准备装载,0.0,330.0,20260923_191417_344885
U06,T006,爬升,330.0,420.4939412434896,20260923_191417_344885
U06,T006,巡航,420.4939412434896,743.7767663921903,20260923_191417_344885
U06,T006,下降,743.7767663921903,762.7694958843779,20260923_191417_344885
U06,T006,交接,762.7694958843779,942.7694958843779,20260923_191417_344885
U06,T006,爬升,942.7694958843779,958.5967704612008,20260923_191417_344885
U06,T006,巡航,958.5967704612008,1281.8795956099016,20260923_191417_344885
U06,T006,下降,1281.8795956099016,1390.4723251020891,20260923_191417_344885
U07,T007,准备装载,0.0,570.0,20260923_191417_344885
U07,T007,爬升,570.0,628.1426440429688,20260923_191417_344885
U07,T007,巡航,628.1426440429688,831.7412336108687,20260923_191417_344885
U07,T007,下降,831.7412336108687,876.2695386645796,20260923_191417_344885
U07,T007,交接,876.2695386645796,1380.2695386645796,20260923_191417_344885
U07,T007,爬升,1380.2695386645796,1415.8921827075483,20260923_191417_344885
U07,T007,巡航,1415.8921827075483,1619.4907722754483,20260923_191417_344885
U07,T007,下降,1619.4907722754483,1692.1690773291593,20260923_191417_344885
U08,T008,准备装载,0.0,510.0,20260923_191417_344885
U08,T008,爬升,510.0,582.5017016601563,20260923_191417_344885
U08,T008,巡航,582.5017016601563,1076.5890653324352,20260923_191417_344885
U08,T008,下降,1076.5890653324352,1121.3161924076305,20260923_191417_344885
U08,T008,交接,1121.3161924076305,1553.3161924076305,20260923_191417_344885
U08,T008,爬升,1553.3161924076305,1589.0978940677867,20260923_191417_344885
U08,T008,巡航,1589.0978940677867,2083.1852577400655,20260923_191417_344885
U08,T008,下降,2083.1852577400655,2173.812384815261,20260923_191417_344885
U01,T009,准备装载,1253.4781941236301,1583.4781941236301,20260923_191417_344885
U01,T009,爬升,1583.4781941236301,1638.6544982414687,20260923_191417_344885
U01,T009,巡航,1638.6544982414687,2114.0832450978887,20260923_191417_344885
U01,T009,下降,2114.0832450978887,2139.374810039295,20260923_191417_344885
U01,T009,交接,2139.374810039295,2319.374810039295,20260923_191417_344885
U01,T009,爬升,2319.374810039295,2340.4511141571334,20260923_191417_344885
U01,T009,巡航,2340.4511141571334,2815.879861013553,20260923_191417_344885
U01,T009,下降,2815.879861013553,2882.0914259549595,20260923_191417_344885
U06,T010,准备装载,1390.4723251020891,1780.4723251020891,20260923_191417_344885
U06,T010,爬升,1780.4723251020891,1875.6726567264382,20260923_191417_344885
U06,T010,巡航,1875.6726567264382,2368.3721025249633,20260923_191417_344885
U06,T010,下降,2368.3721025249633,2421.772500474182,20260923_191417_344885
U06,T010,交接,2421.772500474182,2661.772500474182,20260923_191417_344885
U06,T010,爬升,2661.772500474182,2706.2728320985307,20260923_191417_344885
U06,T010,巡航,2706.2728320985307,3198.972277897056,20260923_191417_344885
U06,T010,下降,3198.972277897056,3313.2126758462746,20260923_191417_344885
U05,T011,准备装载,1435.3795658311299,1825.3795658311299,20260923_191417_344885
U05,T011,爬升,1825.3795658311299,1980.1286950629008,20260923_191417_344885
U05,T011,巡航,1980.1286950629008,2341.4354856104437,20260923_191417_344885
U05,T011,下降,2341.4354856104437,2437.8144406885685,20260923_191417_344885
U05,T011,交接,2437.8144406885685,2677.8144406885685,20260923_191417_344885
U05,T011,爬升,2677.8144406885685,2758.130236587006,20260923_191417_344885
U05,T011,巡航,2758.130236587006,3119.4370271345488,20260923_191417_344885
U05,T011,下降,3119.4370271345488,3305.1359822126738,20260923_191417_344885
U03,T012,准备装载,1552.1137376764395,1882.1137376764395,20260923_191417_344885
U03,T012,爬升,1882.1137376764395,1938.0009894668042,20260923_191417_344885
U03,T012,巡航,1938.0009894668042,2172.007175523608,20260923_191417_344885
U03,T012,下降,2172.007175523608,2205.3118776720457,20260923_191417_344885
U03,T012,交接,2205.3118776720457,2385.3118776720457,20260923_191417_344885
U03,T012,爬升,2385.3118776720457,2413.0657961290767,20260923_191417_344885
U03,T012,巡航,2413.0657961290767,2647.0719821858806,20260923_191417_344885
U03,T012,下降,2647.0719821858806,2714.136684334318,20260923_191417_344885
U07,T013,准备装载,1692.1690773291593,2262.1690773291593,20260923_191417_344885
U07,T013,爬升,2262.1690773291593,2357.5282130713467,20260923_191417_344885
U07,T013,巡航,2357.5282130713467,2569.942091632257,20260923_191417_344885
U07,T013,下降,2569.942091632257,2595.5910113099917,20260923_191417_344885
U07,T013,交接,2595.5910113099917,2811.5910113099917,20260923_191417_344885
U07,T013,爬升,2811.5910113099917,2921.8155425599916,20260923_191417_344885
U07,T013,巡航,2921.8155425599916,3088.9783259447354,20260923_191417_344885
U07,T013,下降,3088.9783259447354,3209.9089900072354,20260923_191417_344885
U07,T013,交接,3209.9089900072354,3569.9089900072354,20260923_191417_344885
U07,T013,爬升,3569.9089900072354,3631.676275163485,20260923_191417_344885
U07,T013,巡航,3631.676275163485,3779.633570624327,20260923_191417_344885
U07,T013,下降,3779.633570624327,3793.8426770696396,20260923_191417_344885
U07,T013,交接,3793.8426770696396,4081.8426770696396,20260923_191417_344885
U07,T013,爬升,4081.8426770696396,4120.762379218077,20260923_191417_344885
U07,T013,巡航,4120.762379218077,4521.3879106594295,20260923_191417_344885
U07,T013,下降,4521.3879106594295,4743.437538344977,20260923_191417_344885
U02,T014,准备装载,1795.8217539638572,2125.821753963857,20260923_191417_344885
U02,T014,爬升,2125.821753963857,2180.9980580816955,20260923_191417_344885
U02,T014,巡航,2180.9980580816955,2656.4268049381153,20260923_191417_344885
U02,T014,下降,2656.4268049381153,2681.7183698795216,20260923_191417_344885
U02,T014,交接,2681.7183698795216,2861.7183698795216,20260923_191417_344885
U02,T014,爬升,2861.7183698795216,2882.7946739973604,20260923_191417_344885
U02,T014,巡航,2882.7946739973604,3358.22342085378,20260923_191417_344885
U02,T014,下降,3358.22342085378,3424.4349857951865,20260923_191417_344885
U08,T015,准备装载,2173.812384815261,2683.812384815261,20260923_191417_344885
U08,T015,爬升,2683.812384815261,2857.454040088698,20260923_191417_344885
U08,T015,巡航,2857.454040088698,3341.6659905257984,20260923_191417_344885
U08,T015,下降,3341.6659905257984,3453.3180596175953,20260923_191417_344885
U08,T015,交接,3453.3180596175953,3885.3180596175953,20260923_191417_344885
U08,T015,爬升,3885.3180596175953,3974.639714891033,20260923_191417_344885
U08,T015,巡航,3974.639714891033,4458.851665328133,20260923_191417_344885
U08,T015,下降,4458.851665328133,4675.90373441993,20260923_191417_344885
U04,T016,准备装载,2278.0703326671837,2608.0703326671837,20260923_191417_344885
U04,T016,爬升,2608.0703326671837,2663.9575844575484,20260923_191417_344885
U04,T016,巡航,2663.9575844575484,2897.9637705143523,20260923_191417_344885
U04,T016,下降,2897.9637705143523,2931.2684726627895,20260923_191417_344885
U04,T016,交接,2931.2684726627895,3111.2684726627895,20260923_191417_344885
U04,T016,爬升,3111.2684726627895,3139.022391119821,20260923_191417_344885
U04,T016,巡航,3139.022391119821,3373.028577176625,20260923_191417_344885
U04,T016,下降,3373.028577176625,3440.093279325062,20260923_191417_344885
U03,T017,准备装载,2714.136684334318,3044.136684334318,20260923_191417_344885
U03,T017,爬升,3044.136684334318,3092.5888877034586,20260923_191417_344885
U03,T017,巡航,3092.5888877034586,3347.0871246633337,20260923_191417_344885
U03,T017,下降,3347.0871246633337,3382.7097687063024,20260923_191417_344885
U03,T017,交接,3382.7097687063024,3562.7097687063024,20260923_191417_344885
U03,T017,爬升,3562.7097687063024,3592.3953054087765,20260923_191417_344885
U03,T017,巡航,3592.3953054087765,3846.8935423686517,20260923_191417_344885
U03,T017,下降,3846.8935423686517,3905.0361864116203,20260923_191417_344885
U01,T018,准备装载,3165.680668264692,3495.680668264692,20260923_191417_344885
U01,T018,爬升,3495.680668264692,3544.1328716338326,20260923_191417_344885
U01,T018,巡航,3544.1328716338326,3798.6311085937077,20260923_191417_344885
U01,T018,下降,3798.6311085937077,3834.2537526366764,20260923_191417_344885
U01,T018,交接,3834.2537526366764,4014.2537526366764,20260923_191417_344885
U01,T018,爬升,4014.2537526366764,4043.9392893391505,20260923_191417_344885
U01,T018,巡航,4043.9392893391505,4298.437526299025,20260923_191417_344885
U01,T018,下降,4298.437526299025,4356.580170341995,20260923_191417_344885
U05,T019,准备装载,3305.1359822126738,3635.1359822126738,20260923_191417_344885
U05,T019,爬升,3635.1359822126738,3683.5881855818143,20260923_191417_344885
U05,T019,巡航,3683.5881855818143,3887.1867751497143,20260923_191417_344885
U05,T019,下降,3887.1867751497143,3922.809419192683,20260923_191417_344885
U05,T019,交接,3922.809419192683,4102.809419192683,20260923_191417_344885
U05,T019,爬升,4102.809419192683,4132.494955895158,20260923_191417_344885
U05,T019,巡航,4132.494955895158,4336.093545463057,20260923_191417_344885
U05,T019,下降,4336.093545463057,4394.236189506026,20260923_191417_344885
U06,T020,准备装载,3313.2126758462746,3643.2126758462746,20260923_191417_344885
U06,T020,爬升,3643.2126758462746,3691.664879215415,20260923_191417_344885
U06,T020,巡航,3691.664879215415,3895.263468783315,20260923_191417_344885
U06,T020,下降,3895.263468783315,3930.886112826284,20260923_191417_344885
U06,T020,交接,3930.886112826284,4110.886112826284,20260923_191417_344885
U06,T020,爬升,4110.886112826284,4140.571649528758,20260923_191417_344885
U06,T020,巡航,4140.571649528758,4344.170239096658,20260923_191417_344885
U06,T020,下降,4344.170239096658,4402.312883139626,20260923_191417_344885
U02,T021,准备装载,3424.4349857951865,3754.4349857951865,20260923_191417_344885
U02,T021,爬升,3754.4349857951865,3802.887189164327,20260923_191417_344885
U02,T021,巡航,3802.887189164327,4057.3854261242022,20260923_191417_344885
U02,T021,下降,4057.3854261242022,4093.008070167171,20260923_191417_344885
U02,T021,交接,4093.008070167171,4273.00807016717,20260923_191417_344885
U02,T021,爬升,4273.00807016717,4302.693606869645,20260923_191417_344885
U02,T021,巡航,4302.693606869645,4557.19184382952,20260923_191417_344885
U02,T021,下降,4557.19184382952,4615.334487872489,20260923_191417_344885
U04,T022,准备装载,3665.9646704365687,3995.9646704365687,20260923_191417_344885
U04,T022,爬升,3995.9646704365687,4044.416873805709,20260923_191417_344885
U04,T022,巡航,4044.416873805709,4298.915110765584,20260923_191417_344885
U04,T022,下降,4298.915110765584,4334.537754808553,20260923_191417_344885
U04,T022,交接,4334.537754808553,4514.537754808553,20260923_191417_344885
U04,T022,爬升,4514.537754808553,4544.223291511027,20260923_191417_344885
U04,T022,巡航,4544.223291511027,4798.721528470902,20260923_191417_344885
U04,T022,下降,4798.721528470902,4856.864172513871,20260923_191417_344885
U03,T023,准备装载,3937.2619219931075,4267.2619219931075,20260923_191417_344885
U03,T023,爬升,4267.2619219931075,4327.680006709905,20260923_191417_344885
U03,T023,巡航,4327.680006709905,4945.289211300253,20260923_191417_344885
U03,T023,下降,4945.289211300253,4981.070912960409,20260923_191417_344885
U03,T023,交接,4981.070912960409,5161.070912960409,20260923_191417_344885
U03,T023,爬升,5161.070912960409,5190.888997677206,20260923_191417_344885
U03,T023,巡航,5190.888997677206,5808.498202267555,20260923_191417_344885
U03,T023,下降,5808.498202267555,5880.999903927711,20260923_191417_344885
U01,T024,准备装载,4356.580170341995,4686.580170341995,20260923_191417_344885
U01,T024,爬升,4686.580170341995,4766.046116793817,20260923_191417_344885
U01,T024,巡航,4766.046116793817,5031.563464994955,20260923_191417_344885
U01,T024,下降,5031.563464994955,5052.082600737143,20260923_191417_344885
U01,T024,交接,5052.082600737143,5232.082600737143,20260923_191417_344885
U01,T024,爬升,5232.082600737143,5249.181880522299,20260923_191417_344885
U01,T024,巡航,5249.181880522299,5514.699228723437,20260923_191417_344885
U01,T024,下降,5514.699228723437,5610.058364465625,20260923_191417_344885
U05,T025,准备装载,4569.3043244592145,4899.3043244592145,20260923_191417_344885
U05,T025,爬升,4899.3043244592145,4978.770270911037,20260923_191417_344885
U05,T025,巡航,4978.770270911037,5191.184149471947,20260923_191417_344885
U05,T025,下降,5191.184149471947,5211.703285214136,20260923_191417_344885
U05,T025,交接,5211.703285214136,5391.703285214136,20260923_191417_344885
U05,T025,爬升,5391.703285214136,5408.8025649992915,20260923_191417_344885
U05,T025,巡航,5408.8025649992915,5621.216443560202,20260923_191417_344885
U05,T025,下降,5621.216443560202,5716.575579302389,20260923_191417_344885
U02,T026,准备装载,4615.334487872489,4945.334487872489,20260923_191417_344885
U02,T026,爬升,4945.334487872489,5035.514209959078,20260923_191417_344885
U02,T026,巡航,5035.514209959078,5678.4055807188415,20260923_191417_344885
U02,T026,下降,5678.4055807188415,5746.381247222748,20260923_191417_344885
U02,T026,交接,5746.381247222748,5926.381247222748,20260923_191417_344885
U02,T026,爬升,5926.381247222748,5983.027635976003,20260923_191417_344885
U02,T026,巡航,5983.027635976003,6625.919006735767,20260923_191417_344885
U02,T026,下降,6625.919006735767,6734.134673239673,20260923_191417_344885
U08,T027,准备装载,4675.90373441993,5215.90373441993,20260923_191417_344885
U08,T027,爬升,5215.90373441993,5295.38808988868,20260923_191417_344885
U08,T027,巡航,5295.38808988868,5647.4285523468825,20260923_191417_344885
U08,T027,下降,5647.4285523468825,5713.13399668282,20260923_191417_344885
U08,T027,交接,5713.13399668282,6109.13399668282,20260923_191417_344885
U08,T027,爬升,6109.13399668282,6177.4566285187575,20260923_191417_344885
U08,T027,巡航,6177.4566285187575,6351.332732083036,20260923_191417_344885
U08,T027,下降,6351.332732083036,6420.086021877958,20260923_191417_344885
U08,T027,交接,6420.086021877958,6672.086021877958,20260923_191417_344885
U08,T027,爬升,6672.086021877958,6740.061688381864,20260923_191417_344885
U08,T027,巡航,6740.061688381864,7254.374784989675,20260923_191417_344885
U08,T027,下降,7254.374784989675,7389.644368119558,20260923_191417_344885
U07,T028,准备装载,4743.437538344977,5193.437538344977,20260923_191417_344885
U07,T028,爬升,5193.437538344977,5291.521271255133,20260923_191417_344885
U07,T028,巡航,5291.521271255133,5830.1234787500125,20260923_191417_344885
U07,T028,下降,5830.1234787500125,5881.128144887708,20260923_191417_344885
U07,T028,交接,5881.128144887708,6241.128144887708,20260923_191417_344885
U07,T028,爬升,6241.128144887708,6281.931877797864,20260923_191417_344885
U07,T028,巡航,6281.931877797864,6820.534085292743,20260923_191417_344885
U07,T028,下降,6820.534085292743,6943.138751430439,20260923_191417_344885
U06,T029,准备装载,4842.592205327028,5172.592205327028,20260923_191417_344885
U06,T029,爬升,5172.592205327028,5317.2935847215595,20260923_191417_344885
U06,T029,巡航,5317.2935847215595,5801.505535158659,20260923_191417_344885
U06,T029,下降,5801.505535158659,5890.827190432096,20260923_191417_344885
U06,T029,交接,5890.827190432096,6070.827190432096,20260923_191417_344885
U06,T029,爬升,6070.827190432096,6145.261903159961,20260923_191417_344885
U06,T029,巡航,6145.261903159961,6629.473853597061,20260923_191417_344885
U06,T029,下降,6629.473853597061,6803.115508870498,20260923_191417_344885
U04,T030,准备装载,4878.88760552178,5208.88760552178,20260923_191417_344885
U04,T030,爬升,5208.88760552178,5299.067327608368,20260923_191417_344885
U04,T030,巡航,5299.067327608368,5941.958698368132,20260923_191417_344885
U04,T030,下降,5941.958698368132,6009.934364872039,20260923_191417_344885
U04,T030,交接,6009.934364872039,6189.934364872039,20260923_191417_344885
U04,T030,爬升,6189.934364872039,6246.580753625294,20260923_191417_344885
U04,T030,巡航,6246.580753625294,6889.472124385058,20260923_191417_344885
U04,T030,下降,6889.472124385058,6997.687790888964,20260923_191417_344885
U01,T031,准备装载,5610.058364465625,5940.058364465625,20260923_191417_344885
U01,T031,爬升,5940.058364465625,6019.524310917448,20260923_191417_344885
U01,T031,巡航,6019.524310917448,6285.041659118586,20260923_191417_344885
U01,T031,下降,6285.041659118586,6305.560794860774,20260923_191417_344885
U01,T031,交接,6305.560794860774,6485.560794860774,20260923_191417_344885
U01,T031,爬升,6485.560794860774,6502.66007464593,20260923_191417_344885
U01,T031,巡航,6502.66007464593,6768.177422847068,20260923_191417_344885
U01,T031,下降,6768.177422847068,6863.536558589256,20260923_191417_344885
U05,T032,准备装载,5716.575579302389,6046.575579302389,20260923_191417_344885
U05,T032,爬升,6046.575579302389,6149.221091183899,20260923_191417_344885
U05,T032,巡航,6149.221091183899,6468.187414626808,20260923_191417_344885
U05,T032,下降,6468.187414626808,6501.802028884621,20260923_191417_344885
U05,T032,交接,6501.802028884621,6681.802028884621,20260923_191417_344885
U05,T032,爬升,6681.802028884621,6709.814207432798,20260923_191417_344885
U05,T032,巡航,6709.814207432798,7028.780530875707,20260923_191417_344885
U05,T032,下降,7028.780530875707,7151.955145133519,20260923_191417_344885
U03,T033,准备装载,5880.999903927711,6210.999903927711,20260923_191417_344885
U03,T033,爬升,6210.999903927711,6301.4938451712005,20260923_191417_344885
U03,T033,巡航,6301.4938451712005,6705.5973766070765,20260923_191417_344885
U03,T033,下降,6705.5973766070765,6724.590106099264,20260923_191417_344885
U03,T033,交接,6724.590106099264,6904.590106099264,20260923_191417_344885
U03,T033,爬升,6904.590106099264,6920.417380676086,20260923_191417_344885
U03,T033,巡航,6920.417380676086,7324.520912111962,20260923_191417_344885
U03,T033,下降,7324.520912111962,7433.11364160415,20260923_191417_344885
U02,T034,准备装载,6734.134673239673,7064.134673239673,20260923_191417_344885
U02,T034,爬升,7064.134673239673,7154.314395326262,20260923_191417_344885
U02,T034,巡航,7154.314395326262,7797.2057660860255,20260923_191417_344885
U02,T034,下降,7797.2057660860255,7865.181432589932,20260923_191417_344885
U02,T034,交接,7865.181432589932,8045.181432589932,20260923_191417_344885
U02,T034,爬升,8045.181432589932,8101.827821343188,20260923_191417_344885
U02,T034,巡航,8101.827821343188,8744.719192102952,20260923_191417_344885
U02,T034,下降,8744.719192102952,8852.934858606857,20260923_191417_344885
U06,T035,准备装载,6803.115508870498,7133.115508870498,20260923_191417_344885
U06,T035,爬升,7133.115508870498,7212.581455322321,20260923_191417_344885
U06,T035,巡航,7212.581455322321,7424.995333883231,20260923_191417_344885
U06,T035,下降,7424.995333883231,7445.514469625419,20260923_191417_344885
U06,T035,交接,7445.514469625419,7625.514469625419,20260923_191417_344885
U06,T035,爬升,7625.514469625419,7642.613749410575,20260923_191417_344885
U06,T035,巡航,7642.613749410575,7855.027627971485,20260923_191417_344885
U06,T035,下降,7855.027627971485,7950.386763713674,20260923_191417_344885
U01,T036,准备装载,6880.524932076295,7210.524932076295,20260923_191417_344885
U01,T036,爬升,7210.524932076295,7266.41218386666,20260923_191417_344885
U01,T036,巡航,7266.41218386666,7500.418369923464,20260923_191417_344885
U01,T036,下降,7500.418369923464,7533.723072071901,20260923_191417_344885
U01,T036,交接,7533.723072071901,7713.723072071901,20260923_191417_344885
U01,T036,爬升,7713.723072071901,7741.476990528932,20260923_191417_344885
U01,T036,巡航,7741.476990528932,7975.483176585736,20260923_191417_344885
U01,T036,下降,7975.483176585736,8042.5478787341735,20260923_191417_344885
U07,T037,准备装载,6943.138751430439,7273.138751430439,20260923_191417_344885
U07,T037,爬升,7273.138751430439,7339.350316371845,20260923_191417_344885
U07,T037,巡航,7339.350316371845,7719.693313856981,20260923_191417_344885
U07,T037,下降,7719.693313856981,7751.307770033739,20260923_191417_344885
U07,T037,交接,7751.307770033739,7967.307770033739,20260923_191417_344885
U07,T037,爬升,7967.307770033739,7992.599334975145,20260923_191417_344885
U07,T037,巡航,7992.599334975145,8372.942332460281,20260923_191417_344885
U07,T037,下降,8372.942332460281,8455.706788637039,20260923_191417_344885
