from_node,to_node,distance_m,max_dem_m,cruise_altitude_m,climb_m,descent_m,uav_type,flight_time_s
O01,S001,3053.9788435184996,223.05661010742188,273.0566101074219,145.3566101074219,89.05661010742188,A,338.57308437198435
O01,S001,3053.9788435184996,223.05661010742188,273.0566101074219,145.3566101074219,89.05661010742188,B,287.67343698000934
O01,S001,3053.9788435184996,223.05661010742188,273.0566101074219,145.3566101074219,89.05661010742188,C,306.26953866457967
O01,S002,7411.310455084183,258.9542541503906,308.9542541503906,181.25425415039064,89.45425415039062,A,713.8089909673017
O01,S002,7411.310455084183,258.9542541503906,308.9542541503906,181.25425415039064,89.45425415039062,B,590.287150049232
O01,S002,7411.310455084183,258.9542541503906,308.9542541503906,181.25425415039064,89.45425415039062,C,611.3161924076304
O01,S003,7263.1792565565,511.80413818359375,561.8041381835938,434.10413818359376,223.30413818359375,A,839.2879727143438
O01,S003,7263.1792565565,511.80413818359375,561.8041381835938,434.10413818359376,223.30413818359375,B,718.2349851050687
O01,S003,7263.1792565565,511.80413818359375,561.8041381835938,434.10413818359376,223.30413818359375,C,769.5056748023344
O01,S004,7714.6964491171675,348.2391662597656,398.2391662597656,270.53916625976564,169.9391662597656,A,801.0467593502588
O01,S004,7714.6964491171675,348.2391662597656,398.2391662597656,270.53916625976564,169.9391662597656,B,672.468485198306
O01,S004,7714.6964491171675,348.2391662597656,398.2391662597656,270.53916625976564,169.9391662597656,C,707.4983462416003
O01,S005,5280.606936873044,276.410888671875,326.410888671875,198.710888671875,131.410888671875,A,558.8518964321287
O01,S005,5280.606936873044,276.410888671875,326.410888671875,198.710888671875,131.410888671875,B,470.841780817578
O01,S005,5280.606936873044,276.410888671875,326.410888671875,198.710888671875,131.410888671875,C,497.2302622628905
O01,S006,3186.208178413656,316.09783935546875,366.09783935546875,238.39783935546876,51.29783935546874,A,365.50243039514834
O01,S006,3186.208178413656,316.09783935546875,366.09783935546875,238.39783935546876,51.29783935546874,B,312.3989607549208
O01,S006,3186.208178413656,316.09783935546875,366.09783935546875,238.39783935546876,51.29783935546874,C,333.42193398083225
O01,S007,4534.460566816074,461.9731750488281,511.9731750488281,384.27317504882814,163.47317504882812,A,571.3520422704802
O01,S007,4534.460566816074,461.9731750488281,511.9731750488281,384.27317504882814,163.47317504882812,B,495.7776994902122
O01,S007,4534.460566816074,461.9731750488281,511.9731750488281,384.27317504882814,163.47317504882812,C,537.7432286650169
O01,S008,8079.033112423187,322.9093322753906,372.9093322753906,245.20933227539064,102.00933227539065,A,795.7929363705521
O01,S008,8079.033112423187,322.9093322753906,372.9093322753906,245.20933227539064,102.00933227539065,B,661.1423844968323
O01,S008,8079.033112423187,322.9093322753906,372.9093322753906,245.20933227539064,102.00933227539065,C,687.6906065427308
O01,S009,5705.144962277037,243.22891235351562,293.2289123535156,165.52891235351564,63.228912353515625,A,555.8966159156646
O01,S009,5705.144962277037,243.22891235351562,293.2289123535156,165.52891235351564,63.228912353515625,B,460.8108665443806
O01,S009,5705.144962277037,243.22891235351562,293.2289123535156,165.52891235351564,63.228912353515625,C,478.1690186032999
O01,S010,4784.49485164363,385.63653564453125,435.63653564453125,307.93653564453126,84.03653564453123,A,534.9680304429587
O01,S010,4784.49485164363,385.63653564453125,435.63653564453125,307.93653564453126,84.03653564453123,B,455.22644958223157
O01,S010,4784.49485164363,385.63653564453125,435.63653564453125,307.93653564453126,84.03653564453123,C,484.1592055229868
O01,S011,2808.074232681646,245.36175537109375,295.36175537109375,167.66175537109376,83.26175537109376,A,323.19813999560597
O01,S011,2808.074232681646,245.36175537109375,295.36175537109375,167.66175537109376,83.26175537109376,B,276.3969027842452
O01,S011,2808.074232681646,245.36175537109375,295.36175537109375,167.66175537109376,83.26175537109376,C,295.90052867942745
O01,S012,7390.491686977874,363.3009948730469,413.3009948730469,285.6009948730469,133.50099487304686,A,764.4750368217238
O01,S012,7390.491686977874,363.3009948730469,413.3009948730469,285.6009948730469,133.50099487304686,B,641.3001753720927
O01,S012,7390.491686977874,363.3009948730469,413.3009948730469,285.6009948730469,133.50099487304686,C,673.6903411842671
O01,S013,4849.242377230511,349.18182373046875,399.18182373046875,271.48182373046876,47.48182373046876,A,513.5902021715531
O01,S013,4849.242377230511,349.18182373046875,399.18182373046875,271.48182373046876,47.48182373046876,B,432.7694958843778
O01,S013,4849.242377230511,349.18182373046875,399.18182373046875,271.48182373046876,47.48182373046876,C,455.6164665061226
O01,S014,5419.60185821314,541.9473876953125,591.9473876953125,464.2473876953125,240.9473876953125,A,702.7615724943242
O01,S014,5419.60185821314,541.9473876953125,591.9473876953125,464.2473876953125,240.9473876953125,B,612.4348748574386
O01,S014,5419.60185821314,541.9473876953125,591.9473876953125,464.2473876953125,240.9473876953125,C,667.479439473324
O01,S015,6009.38297162029,521.7992553710938,571.7992553710938,444.09925537109376,97.29925537109375,A,687.7347015738263
O01,S015,6009.38297162029,521.7992553710938,571.7992553710938,444.09925537109376,97.29925537109375,B,587.5783187134881
O01,S015,6009.38297162029,521.7992553710938,571.7992553710938,444.09925537109376,97.29925537109375,C,626.914861275337
S001,O01,3053.9788435184996,223.05661010742188,273.0566101074219,89.05661010742188,145.3566101074219,A,342.3264177053177
S001,O01,3053.9788435184996,223.05661010742188,273.0566101074219,89.05661010742188,145.3566101074219,B,291.4267703133427
S001,O01,3053.9788435184996,223.05661010742188,273.0566101074219,89.05661010742188,145.3566101074219,C,311.89953866457967
S001,S002,4360.597539148686,259.2448425292969,309.2448425292969,125.24484252929688,89.74484252929688,A,441.0293461172082
S001,S002,4360.597539148686,259.2448425292969,309.2448425292969,125.24484252929688,89.74484252929688,B,368.3527204647301
S001,S002,4360.597539148686,259.2448425292969,309.2448425292969,125.24484252929688,89.74484252929688,C,385.6768608862796
S001,S003,7658.743084974101,505.94439697265625,555.9443969726562,371.94439697265625,217.44439697265625,A,849.187814861123
S001,S003,7658.743084974101,505.94439697265625,555.9443969726562,371.94439697265625,217.44439697265625,B,721.5420967782213
S001,S003,7658.743084974101,505.94439697265625,555.9443969726562,371.94439697265625,217.44439697265625,C,768.0828296069974
S001,S004,4927.678447010787,358.7777404785156,408.7777404785156,224.77774047851562,180.4777404785156,A,557.7568802684771
S001,S004,4927.678447010787,358.7777404785156,408.7777404785156,224.77774047851562,180.4777404785156,B,475.6289061516306
S001,S004,4927.678447010787,358.7777404785156,408.7777404785156,224.77774047851562,180.4777404785156,C,508.6618628980499
S001,S005,2928.040272387301,266.13800048828125,316.13800048828125,132.13800048828125,121.13800048828125,A,336.504556390348
S001,S005,2928.040272387301,266.13800048828125,316.13800048828125,132.13800048828125,121.13800048828125,B,287.70388518389296
S001,S005,2928.040272387301,266.13800048828125,316.13800048828125,132.13800048828125,121.13800048828125,C,308.6268852652732
S001,S006,5296.16785679757,343.9356384277344,393.9356384277344,209.93563842773438,79.13563842773436,A,542.9801229134694
S001,S006,5296.16785679757,343.9356384277344,393.9356384277344,209.93563842773438,79.13563842773436,B,454.71065863350987
S001,S006,5296.16785679757,343.9356384277344,393.9356384277344,209.93563842773438,79.13563842773436,C,476.6199317047989
S001,S007,5187.883229802976,389.17535400390625,439.17535400390625,255.17535400390625,90.67535400390625,A,553.6521954197792
S001,S007,5187.883229802976,389.17535400390625,439.17535400390625,255.17535400390625,90.67535400390625,B,467.18747492306295
S001,S007,5187.883229802976,389.17535400390625,439.17535400390625,255.17535400390625,90.67535400390625,C,493.26670059038065
S001,S008,5968.208405123096,316.78717041015625,366.78717041015625,182.78717041015625,95.88717041015627,A,596.6346253943726
S001,S008,5968.208405123096,316.78717041015625,366.78717041015625,182.78717041015625,95.88717041015627,B,497.16448530898765
S001,S008,5968.208405123096,316.78717041015625,366.78717041015625,182.78717041015625,95.88717041015627,C,518.9390137106803
S001,S009,2651.198773865906,243.22891235351562,293.2289123535156,109.22891235351562,63.228912353515625,A,282.6344335480703
S001,S009,2651.198773865906,243.22891235351562,293.2289123535156,109.22891235351562,63.228912353515625,B,238.44778731697184
S001,S009,2651.198773865906,243.22891235351562,293.2289123535156,109.22891235351562,63.228912353515625,C,252.05260604255778
S001,S010,3709.894180127748,381.0796813964844,431.0796813964844,247.07968139648438,79.47968139648435,A,423.30961470140085
S001,S010,3709.894180127748,381.0796813964844,431.0796813964844,247.07968139648438,79.47968139648435,B,361.47804503260505
S001,S010,3709.894180127748,381.0796813964844,431.0796813964844,247.07968139648438,79.47968139648435,C,385.8979919320191
S001,S011,2354.0924594173175,226.38790893554688,276.3879089355469,92.38790893554688,64.28790893554688,A,252.68550483751085
S001,S011,2354.0924594173175,226.38790893554688,276.3879089355469,92.38790893554688,64.28790893554688,B,213.45063051388888
S001,S011,2354.0924594173175,226.38790893554688,276.3879089355469,92.38790893554688,64.28790893554688,C,226.03861533648
S001,S012,4697.683538665447,385.599609375,435.599609375,251.599609375,155.799609375,A,537.6600084304539
S001,S012,4697.683538665447,385.599609375,435.599609375,251.599609375,155.799609375,B,459.36528278602975
S001,S012,4697.683538665447,385.599609375,435.599609375,251.599609375,155.799609375,C,491.71855101519645
S001,S013,2898.825752847234,328.3608093261719,378.3608093261719,194.36080932617188,26.660809326171886,A,317.02007290979554
S001,S013,2898.825752847234,328.3608093261719,378.3608093261719,194.36080932617188,26.660809326171886,B,268.70631036234164
S001,S013,2898.825752847234,328.3608093261719,378.3608093261719,194.36080932617188,26.660809326171886,C,284.3297785833703
S001,S014,5196.211104521405,550.0504150390625,600.0504150390625,416.0504150390625,249.0504150390625,A,671.3212297387629
S001,S014,5196.211104521405,550.0504150390625,600.0504150390625,416.0504150390625,249.0504150390625,B,584.7177113300728
S001,S014,5196.211104521405,550.0504150390625,600.0504150390625,416.0504150390625,249.0504150390625,C,637.3594471699166
S001,S015,5500.07917347659,547.315185546875,597.315185546875,413.315185546875,122.815185546875,A,645.2377338574241
S001,S015,5500.07917347659,547.315185546875,597.315185546875,413.315185546875,122.815185546875,B,553.5697476328144
S001,S015,5500.07917347659,547.315185546875,597.315185546875,413.315185546875,122.815185546875,C,593.4056118906268
S002,O01,7411.310455084183,258.9542541503906,308.9542541503906,89.45425415039062,181.25425415039064,A,719.9289909673017
S002,O01,7411.310455084183,258.9542541503906,308.9542541503906,89.45425415039062,181.25425415039064,B,596.407150049232
S002,O01,7411.310455084183,258.9542541503906,308.9542541503906,89.45425415039062,181.25425415039064,C,620.4961924076304
S002,S001,4360.597539148686,259.2448425292969,309.2448425292969,89.74484252929688,125.24484252929688,A,443.3960127838749
S002,S001,4360.597539148686,259.2448425292969,309.2448425292969,89.74484252929688,125.24484252929688,B,370.7193871313968
S002,S001,4360.597539148686,259.2448425292969,309.2448425292969,89.74484252929688,125.24484252929688,C,389.2268608862796
S002,S003,9776.0070147188,571.1314086914062,621.1314086914062,401.63140869140625,282.63140869140625,A,1061.596950933598
S002,S003,9776.0070147188,571.1314086914062,621.1314086914062,401.63140869140625,282.63140869140625,B,898.6635006882846
S002,S003,9776.0070147188,571.1314086914062,621.1314086914062,401.63140869140625,282.63140869140625,C,953.702068803519
S002,S004,2248.0176981866334,283.658203125,333.658203125,114.158203125,105.35820312499999,A,267.53082380721946
S002,S004,2248.0176981866334,283.658203125,333.658203125,114.158203125,105.35820312499999,B,230.06386217077556
S002,S004,2248.0176981866334,283.658203125,333.658203125,114.158203125,105.35820312499999,C,248.21022935827554
S002,S005,3475.746984096525,356.79864501953125,406.79864501953125,187.29864501953125,211.79864501953125,A,436.7979216890333
S002,S005,3475.746984096525,356.79864501953125,406.79864501953125,187.29864501953125,211.79864501953125,B,378.8688052874246
S002,S005,3475.746984096525,356.79864501953125,406.79864501953125,187.29864501953125,211.79864501953125,C,412.53524612401316
S002,S006,9184.869515085078,344.2987060546875,394.2987060546875,174.7987060546875,79.49870605468749,A,855.471510697194
S002,S006,9184.869515085078,344.2987060546875,394.2987060546875,174.7987060546875,79.49870605468749,B,702.3903521124428
S002,S006,9184.869515085078,344.2987060546875,394.2987060546875,174.7987060546875,79.49870605468749,C,721.993469788224
S002,S007,8118.281841370918,424.7281799316406,474.7281799316406,255.22817993164062,126.22817993164062,A,812.0908187307796
S002,S007,8118.281841370918,424.7281799316406,474.7281799316406,255.22817993164062,126.22817993164062,B,676.7861213745977
S002,S007,8118.281841370918,424.7281799316406,474.7281799316406,255.22817993164062,126.22817993164062,C,706.4241513632045
S002,S008,4802.361653053604,331.8424987792969,381.8424987792969,162.34249877929688,110.9424987792969,A,498.687970192618
S002,S008,4802.361653053604,331.8424987792969,381.8424987792969,162.34249877929688,110.9424987792969,B,418.64860930839126
S002,S008,4802.361653053604,331.8424987792969,381.8424987792969,162.34249877929688,110.9424987792969,C,440.5656924382741
S002,S009,1724.5471958647918,278.2866516113281,328.2866516113281,108.78665161132812,98.28665161132812,A,219.28914417037325
S002,S009,1724.5471958647918,278.2866516113281,328.2866516113281,108.78665161132812,98.28665161132812,B,190.54669090596008
S002,S009,1724.5471958647918,278.2866516113281,328.2866516113281,108.78665161132812,98.28665161132812,C,207.6277995078481
S002,S010,5917.036166062372,441.85394287109375,491.85394287109375,272.35394287109375,140.25394287109373,A,639.9725719439998
S002,S010,5917.036166062372,441.85394287109375,491.85394287109375,272.35394287109375,140.25394287109373,B,541.3553025096269
S002,S010,5917.036166062372,441.85394287109375,491.85394287109375,272.35394287109375,140.25394287109373,C,573.5376263214758
S002,S011,5781.673943782255,311.78533935546875,361.78533935546875,142.28533935546875,149.68533935546876,A,589.108744175865
S002,S011,5781.673943782255,311.78533935546875,361.78533935546875,142.28533935546875,149.68533935546876,B,492.7475117794941
S002,S011,5781.673943782255,311.78533935546875,361.78533935546875,142.28533935546875,149.68533935546876,C,517.2017350054056
S002,S012,3071.2755268940637,358.1782531738281,408.1782531738281,188.67825317382812,128.3782531738281,A,370.1836795686459
S002,S012,3071.2755268940637,358.1782531738281,408.1782531738281,188.67825317382812,128.3782531738281,B,318.9957541204115
S002,S012,3071.2755268940637,358.1782531738281,408.1782531738281,188.67825317382812,128.3782531738281,C,344.4121296493829
S002,S013,4540.13286339447,327.2103271484375,377.2103271484375,157.7103271484375,25.51032714843751,A,441.1186451917267
S002,S013,4540.13286339447,327.2103271484375,377.2103271484375,157.7103271484375,25.51032714843751,B,365.44976413515224
S002,S013,4540.13286339447,327.2103271484375,377.2103271484375,157.7103271484375,25.51032714843751,C,378.51481865989183
S002,S014,7654.630751146548,457.5832214355469,507.5832214355469,288.0832214355469,156.58322143554688,A,796.5469249816134
S002,S014,7654.630751146548,457.5832214355469,507.5832214355469,288.0832214355469,156.58322143554688,B,668.9697457958376
S002,S014,7654.630751146548,457.5832214355469,507.5832214355469,288.0832214355469,156.58322143554688,C,703.8336160350954
S002,S015,7164.390108585168,593.7526245117188,643.7526245117188,424.25262451171875,169.25262451171875,A,806.1511003573577
S002,S015,7164.390108585168,593.7526245117188,643.7526245117188,424.25262451171875,169.25262451171875,B,686.7445985476049
S002,S015,7164.390108585168,593.7526245117188,643.7526245117188,424.25262451171875,169.25262451171875,C,731.9533692995581
S003,O01,7263.1792565565,511.80413818359375,561.8041381835938,223.30413818359375,434.10413818359376,A,853.3413060476771
S003,O01,7263.1792565565,511.80413818359375,561.8041381835938,223.30413818359375,434.10413818359376,B,732.288318438402
S003,O01,7263.1792565565,511.80413818359375,561.8041381835938,223.30413818359375,434.10413818359376,C,790.5856748023344
S003,S001,7658.743084974101,505.94439697265625,555.9443969726562,217.44439697265625,371.94439697265625,A,859.4878148611231
S003,S001,7658.743084974101,505.94439697265625,555.9443969726562,217.44439697265625,371.94439697265625,B,731.8420967782213
S003,S001,7658.743084974101,505.94439697265625,555.9443969726562,217.44439697265625,371.94439697265625,C,783.5328296069974
S003,S002,9776.0070147188,571.1314086914062,621.1314086914062,282.63140869140625,401.63140869140625,A,1069.5302842669314
S003,S002,9776.0070147188,571.1314086914062,621.1314086914062,282.63140869140625,401.63140869140625,B,906.596834021618
S003,S002,9776.0070147188,571.1314086914062,621.1314086914062,282.63140869140625,401.63140869140625,C,965.6020688035189
S003,S004,8231.97829525179,674.2682495117188,724.2682495117188,385.76824951171875,495.96824951171874,A,1012.9749075795763
S003,S004,8231.97829525179,674.2682495117188,724.2682495117188,385.76824951171875,495.96824951171874,B,875.7752693253798
S003,S004,8231.97829525179,674.2682495117188,724.2682495117188,385.76824951171875,495.96824951171874,C,951.0899775773329
S003,S005,6340.2474614063,533.8880615234375,583.8880615234375,245.3880615234375,388.8880615234375,A,765.7052002343792
S003,S005,6340.2474614063,533.8880615234375,583.8880615234375,245.3880615234375,388.8880615234375,B,660.0344092109408
S003,S005,6340.2474614063,533.8880615234375,583.8880615234375,245.3880615234375,388.8880615234375,C,715.2824194648471
S003,S006,4800.944759246192,612.3626708984375,662.3626708984375,323.8626708984375,347.5626708984375,A,647.0580219293702
S003,S006,4800.944759246192,612.3626708984375,662.3626708984375,323.8626708984375,347.5626708984375,B,567.0422759419337
S003,S006,4800.944759246192,612.3626708984375,662.3626708984375,323.8626708984375,347.5626708984375,C,623.3893877583399
S003,S007,2734.2616228002607,360.6993408203125,410.6993408203125,72.1993408203125,62.1993408203125,A,276.8013185015842
S003,S007,2734.2616228002607,360.6993408203125,410.6993408203125,72.1993408203125,62.1993408203125,B,231.2302914549132
S003,S007,2734.2616228002607,360.6993408203125,410.6993408203125,72.1993408203125,62.1993408203125,C,242.2635149249653
S003,S008,6254.068544603746,746.0787353515625,796.0787353515625,457.5787353515625,525.1787353515625,A,883.7701179747914
S003,S008,6254.068544603746,746.0787353515625,796.0787353515625,457.5787353515625,525.1787353515625,B,779.5356422313955
S003,S008,6254.068544603746,746.0787353515625,796.0787353515625,457.5787353515625,525.1787353515625,C,862.5587647899893
S003,S009,8897.537411915897,544.588134765625,594.588134765625,256.088134765625,364.588134765625,A,972.6594164877831
S003,S009,8897.537411915897,544.588134765625,594.588134765625,256.088134765625,364.588134765625,B,824.3671262891849
S003,S009,8897.537411915897,544.588134765625,594.588134765625,256.088134765625,364.588134765625,C,877.8984820834556
S003,S010,11224.341531884298,466.96417236328125,516.9641723632812,178.46417236328125,165.36417236328123,A,1060.9955207234311
S003,S010,11224.341531884298,466.96417236328125,516.9641723632812,178.46417236328125,165.36417236328123,B,873.9231618586929
S003,S010,11224.341531884298,466.96417236328125,516.9641723632812,178.46417236328125,165.36417236328123,C,902.3571905859064
S003,S011,5356.618098230948,485.42230224609375,535.4223022460938,196.92230224609375,323.3223022460937,A,641.3545298330478
S003,S011,5356.618098230948,485.42230224609375,535.4223022460938,196.92230224609375,323.3223022460937,B,552.0775615291986
S003,S011,5356.618098230948,485.42230224609375,535.4223022460938,196.92230224609375,323.3223022460937,C,597.5379452368809
S003,S012,11816.962386105222,544.5889282226562,594.5889282226562,256.08892822265625,314.78892822265624,A,1196.0254128720499
S003,S012,11816.962386105222,544.5889282226562,594.5889282226562,256.08892822265625,314.78892822265624,B,999.0760397702961
S003,S012,11816.962386105222,544.5889282226562,594.5889282226562,256.08892822265625,314.78892822265624,C,1047.6275278074054
S003,S013,10557.567201469448,505.94439697265625,555.9443969726562,217.44439697265625,204.24439697265626,A,1033.9764912357355
S003,S013,10557.567201469448,505.94439697265625,555.9443969726562,217.44439697265625,204.24439697265626,B,858.0170378779112
S003,S013,10557.567201469448,505.94439697265625,555.9443969726562,217.44439697265625,204.24439697265626,C,892.9377707066872
S003,S014,12385.714579095842,542.7295532226562,592.7295532226562,254.22955322265625,241.72955322265625,A,1213.5778872879348
S003,S014,12385.714579095842,542.7295532226562,592.7295532226562,254.22955322265625,241.72955322265625,B,1007.1493109696708
S003,S014,12385.714579095842,542.7295532226562,592.7295532226562,254.22955322265625,241.72955322265625,C,1048.2709031734466
S003,S015,2616.366900890517,437.89886474609375,487.89886474609375,149.39886474609375,13.39886474609375,A,273.1897425546785
S003,S015,2616.366900890517,437.89886474609375,487.89886474609375,149.39886474609375,13.39886474609375,B,229.58362753983656
S003,S015,2616.366900890517,437.89886474609375,487.89886474609375,149.39886474609375,13.39886474609375,C,240.8834383308522
S004,O01,7714.6964491171675,348.2391662597656,398.2391662597656,169.9391662597656,270.53916625976564,A,807.7534260169255
S004,O01,7714.6964491171675,348.2391662597656,398.2391662597656,169.9391662597656,270.53916625976564,B,679.1751518649727
S004,O01,7714.6964491171675,348.2391662597656,398.2391662597656,169.9391662597656,270.53916625976564,C,717.5583462416002
S004,S001,4927.678447010787,358.7777404785156,408.7777404785156,180.4777404785156,224.77774047851562,A,560.7102136018103
S004,S001,4927.678447010787,358.7777404785156,408.7777404785156,180.4777404785156,224.77774047851562,B,478.5822394849639
S004,S001,4927.678447010787,358.7777404785156,408.7777404785156,180.4777404785156,224.77774047851562,C,513.0918628980498
S004,S002,2248.0176981866334,283.658203125,333.658203125,105.35820312499999,114.158203125,A,268.1174904738861
S004,S002,2248.0176981866334,283.658203125,333.658203125,105.35820312499999,114.158203125,B,230.6505288374422
S004,S002,2248.0176981866334,283.658203125,333.658203125,105.35820312499999,114.158203125,C,249.09022935827556
S004,S003,8231.97829525179,674.2682495117188,724.2682495117188,495.96824951171874,385.76824951171875,A,1005.6282409129096
S004,S003,8231.97829525179,674.2682495117188,724.2682495117188,495.96824951171874,385.76824951171875,B,868.4286026587131
S004,S003,8231.97829525179,674.2682495117188,724.2682495117188,495.96824951171874,385.76824951171875,C,940.0699775773329
S004,S005,2608.141553464183,315.80657958984375,365.80657958984375,137.50657958984374,170.80657958984375,A,331.503287821234
S004,S005,2608.141553464183,315.80657958984375,365.80657958984375,137.50657958984374,170.80657958984375,B,288.03426193016423
S004,S005,2608.141553464183,315.80657958984375,365.80657958984375,137.50657958984374,170.80657958984375,C,314.2820251951382
S004,S006,8705.954300600253,375.2806396484375,425.2806396484375,196.9806396484375,110.48063964843749,A,835.3486607922086
S004,S006,8705.954300600253,375.2806396484375,425.2806396484375,196.9806396484375,110.48063964843749,B,690.2494224488711
S004,S006,8705.954300600253,375.2806396484375,425.2806396484375,196.9806396484375,110.48063964843749,C,714.429529056944
S004,S007,7096.41861080046,543.2369995117188,593.2369995117188,364.93699951171874,244.73699951171875,A,810.9086838752987
S004,S007,7096.41861080046,543.2369995117188,593.2369995117188,364.93699951171874,244.73699951171875,B,692.6350403619577
S004,S007,7096.41861080046,543.2369995117188,593.2369995117188,364.93699951171874,244.73699951171875,C,741.4378736139108
S004,S008,2611.596348032859,336.83349609375,386.83349609375,158.53349609375,115.93349609375002,A,316.85092613815493
S004,S008,2611.596348032859,336.83349609375,386.83349609375,158.53349609375,115.93349609375002,B,273.3243203376073
S004,S008,2611.596348032859,336.83349609375,386.83349609375,158.53349609375,115.93349609375002,C,295.4865696865656
S004,S009,2985.089052620417,275.2157897949219,325.2157897949219,96.91578979492186,95.21578979492188,A,319.1490002346441
S004,S009,2985.089052620417,275.2157897949219,325.2157897949219,96.91578979492186,95.21578979492188,B,269.39751602430385
S004,S009,2985.089052620417,275.2157897949219,325.2157897949219,96.91578979492186,95.21578979492188,C,285.3801476567908
S004,S010,7545.204777267781,432.957275390625,482.957275390625,254.657275390625,131.35727539062498,A,766.1957333921066
S004,S010,7545.204777267781,432.957275390625,482.957275390625,254.657275390625,131.35727539062498,B,640.4423204376437
S004,S010,7545.204777267781,432.957275390625,482.957275390625,254.657275390625,131.35727539062498,C,670.5551996694146
S004,S011,5403.734548085296,311.138916015625,361.138916015625,132.838916015625,149.038916015625,A,554.2064174185664
S004,S011,5403.734548085296,311.138916015625,361.138916015625,132.838916015625,149.038916015625,B,464.1441749504781
S004,S011,5403.734548085296,311.138916015625,361.138916015625,132.838916015625,149.038916015625,C,487.9039942864156
S004,S012,5285.127317623106,312.0069580078125,362.0069580078125,133.7069580078125,82.20695800781249,A,517.8790456743213
S004,S012,5285.127317623106,312.0069580078125,362.0069580078125,133.7069580078125,82.20695800781249,B,429.7935903806029
S004,S012,5285.127317623106,312.0069580078125,362.0069580078125,133.7069580078125,82.20695800781249,C,446.928083381905
S004,S013,6196.225149188076,322.2989807128906,372.2989807128906,143.9989807128906,20.598980712890636,A,572.5913482884595
S004,S013,6196.225149188076,322.2989807128906,372.2989807128906,143.9989807128906,20.598980712890636,B,469.3209291353249
S004,S013,6196.225149188076,322.2989807128906,372.2989807128906,143.9989807128906,20.598980712890636,C,480.9807592541399
S004,S014,9293.779822341314,505.3861083984375,555.3861083984375,327.0861083984375,204.3861083984375,A,965.2647980206305
S004,S014,9293.779822341314,505.3861083984375,555.3861083984375,327.0861083984375,204.3861083984375,B,810.3684676482751
S004,S014,9293.779822341314,505.3861083984375,555.3861083984375,327.0861083984375,204.3861083984375,C,852.6128190480147
S004,S015,5648.280044723888,641.2510375976562,691.2510375976562,462.95103759765624,216.75103759765625,A,711.7074312986052
S004,S015,5648.280044723888,641.2510375976562,691.2510375976562,462.95103759765624,216.75103759765625,B,617.5694305532071
S004,S015,5648.280044723888,641.2510375976562,691.2510375976562,462.95103759765624,216.75103759765625,C,670.1079368194831
S005,O01,5280.606936873044,276.410888671875,326.410888671875,131.410888671875,198.710888671875,A,563.3385630987954
S005,O01,5280.606936873044,276.410888671875,326.410888671875,131.410888671875,198.710888671875,B,475.32844748424463
S005,O01,5280.606936873044,276.410888671875,326.410888671875,131.410888671875,198.710888671875,C,503.9602622628905
S005,S001,2928.040272387301,266.13800048828125,316.13800048828125,121.13800048828125,132.13800048828125,A,337.2378897236813
S005,S001,2928.040272387301,266.13800048828125,316.13800048828125,121.13800048828125,132.13800048828125,B,288.4372185172263
S005,S001,2928.040272387301,266.13800048828125,316.13800048828125,121.13800048828125,132.13800048828125,C,309.72688526527315
S005,S002,3475.746984096525,356.79864501953125,406.79864501953125,211.79864501953125,187.29864501953125,A,435.16458835569995
S005,S002,3475.746984096525,356.79864501953125,406.79864501953125,211.79864501953125,187.29864501953125,B,377.2354719540913
S005,S002,3475.746984096525,356.79864501953125,406.79864501953125,211.79864501953125,187.29864501953125,C,410.0852461240131
S005,S003,6340.2474614063,533.8880615234375,583.8880615234375,388.8880615234375,245.3880615234375,A,756.1385335677126
S005,S003,6340.2474614063,533.8880615234375,583.8880615234375,388.8880615234375,245.3880615234375,B,650.4677425442742
S005,S003,6340.2474614063,533.8880615234375,583.8880615234375,388.8880615234375,245.3880615234375,C,700.932419464847
S005,S004,2608.141553464183,315.80657958984375,365.80657958984375,170.80657958984375,137.50657958984374,A,329.283287821234
S005,S004,2608.141553464183,315.80657958984375,365.80657958984375,170.80657958984375,137.50657958984374,B,285.81426193016426
S005,S004,2608.141553464183,315.80657958984375,365.80657958984375,170.80657958984375,137.50657958984374,C,310.9520251951382
S005,S006,6107.117973375198,366.7322998046875,416.7322998046875,221.7322998046875,101.93229980468749,A,623.610184304704
S005,S006,6107.117973375198,366.7322998046875,416.7322998046875,221.7322998046875,101.93229980468749,B,521.8248847484507
S005,S006,6107.117973375198,366.7322998046875,416.7322998046875,221.7322998046875,101.93229980468749,C,546.8002680492319
S005,S007,4687.969221971704,467.1478271484375,517.1478271484375,322.1478271484375,168.6478271484375,A,565.5058417398295
S005,S007,4687.969221971704,467.1478271484375,517.1478271484375,322.1478271484375,168.6478271484375,B,487.3730213736345
S005,S007,4687.969221971704,467.1478271484375,517.1478271484375,322.1478271484375,168.6478271484375,C,525.714325898374
S005,S008,3040.170436044966,316.78717041015625,366.78717041015625,171.78717041015625,95.88717041015627,A,348.9647946378618
S005,S008,3040.170436044966,316.78717041015625,366.78717041015625,171.78717041015625,95.88717041015627,B,298.29528737044564
S005,S008,3040.170436044966,316.78717041015625,366.78717041015625,171.78717041015625,95.88717041015627,C,319.33648243880504
S005,S009,2649.9225367927993,313.5632019042969,363.5632019042969,168.56320190429688,133.56320190429688,A,330.4398927958843
S005,S009,2649.9225367927993,313.5632019042969,363.5632019042969,168.56320190429688,133.56320190429688,B,286.274517182671
S005,S009,2649.9225367927993,313.5632019042969,363.5632019042969,168.56320190429688,133.56320190429688,C,310.8683841667205
S005,S010,6361.357075639463,416.15325927734375,466.15325927734375,271.15325927734375,114.55325927734373,A,666.318813106674
S005,S010,6361.357075639463,416.15325927734375,466.15325927734375,271.15325927734375,114.55325927734373,B,560.2961951793496
S005,S010,6361.357075639463,416.15325927734375,466.15325927734375,271.15325927734375,114.55325927734373,C,589.8284050589068
S005,S011,2802.712805304408,297.5489196777344,347.5489196777344,152.54891967773438,135.44891967773438,A,338.58860820570584
S005,S011,2802.712805304408,297.5489196777344,347.5489196777344,152.54891967773438,135.44891967773438,B,291.8767281172991
S005,S011,2802.712805304408,297.5489196777344,347.5489196777344,152.54891967773438,135.44891967773438,C,315.59154806358816
S005,S012,5622.613282747788,313.5632019042969,363.5632019042969,168.56320190429688,83.76320190429686,A,558.2441216254666
S005,S012,5622.613282747788,313.5632019042969,363.5632019042969,168.56320190429688,83.76320190429686,B,464.5339002463368
S005,S012,5622.613282747788,313.5632019042969,363.5632019042969,168.56320190429688,83.76320190429686,C,484.1477672303863
S005,S013,5214.490976768669,324.4444580078125,374.4444580078125,179.4444580078125,22.74445800781251,A,503.45351726978487
S005,S013,5214.490976768669,324.4444580078125,374.4444580078125,179.4444580078125,22.74445800781251,B,416.5453343236404
S005,S013,5214.490976768669,324.4444580078125,374.4444580078125,179.4444580078125,22.74445800781251,C,430.7827439916092
S005,S014,7995.561184763025,552.8875122070312,602.8875122070312,407.88751220703125,251.88751220703125,A,903.0142743487417
S005,S014,7995.561184763025,552.8875122070312,602.8875122070312,407.88751220703125,251.88751220703125,B,769.7549212693579
S005,S014,7995.561184763025,552.8875122070312,602.8875122070312,407.88751220703125,251.88751220703125,C,822.1361733038631
S005,S015,3754.922176202237,568.6133422851562,618.6133422851562,423.61334228515625,144.11334228515625,A,511.75996569263435
S005,S015,3754.922176202237,568.6133422851562,618.6133422851562,423.61334228515625,144.11334228515625,B,449.17792942259706
S005,S015,3754.922176202237,568.6133422851562,618.6133422851562,423.61334228515625,144.11334228515625,C,491.83015313678976
S006,O01,3186.208178413656,316.09783935546875,366.09783935546875,51.29783935546874,238.39783935546876,A,377.9757637284817
S006,O01,3186.208178413656,316.09783935546875,366.09783935546875,51.29783935546874,238.39783935546876,B,324.87229408825414
S006,O01,3186.208178413656,316.09783935546875,366.09783935546875,51.29783935546874,238.39783935546876,C,352.1319339808323
S006,S001,5296.16785679757,343.9356384277344,393.9356384277344,79.13563842773436,209.93563842773438,A,551.7001229134693
S006,S001,5296.16785679757,343.9356384277344,393.9356384277344,79.13563842773436,209.93563842773438,B,463.43065863350984
S006,S001,5296.16785679757,343.9356384277344,393.9356384277344,79.13563842773436,209.93563842773438,C,489.6999317047989
S006,S002,9184.869515085078,344.2987060546875,394.2987060546875,79.49870605468749,174.7987060546875,A,861.8248440305274
S006,S002,9184.869515085078,344.2987060546875,394.2987060546875,79.49870605468749,174.7987060546875,B,708.7436854457761
S006,S002,9184.869515085078,344.2987060546875,394.2987060546875,79.49870605468749,174.7987060546875,C,731.523469788224
S006,S003,4800.944759246192,612.3626708984375,662.3626708984375,347.5626708984375,323.8626708984375,A,645.4780219293702
S006,S003,4800.944759246192,612.3626708984375,662.3626708984375,347.5626708984375,323.8626708984375,B,565.4622759419336
S006,S003,4800.944759246192,612.3626708984375,662.3626708984375,347.5626708984375,323.8626708984375,C,621.0193877583399
S006,S004,8705.954300600253,375.2806396484375,425.2806396484375,110.48063964843749,196.9806396484375,A,841.1153274588753
S006,S004,8705.954300600253,375.2806396484375,425.2806396484375,110.48063964843749,196.9806396484375,B,696.0160891155377
S006,S004,8705.954300600253,375.2806396484375,425.2806396484375,110.48063964843749,196.9806396484375,C,723.079529056944
S006,S005,6107.117973375198,366.7322998046875,416.7322998046875,101.93229980468749,221.7322998046875,A,631.5968509713707
S006,S005,6107.117973375198,366.7322998046875,416.7322998046875,101.93229980468749,221.7322998046875,B,529.8115514151174
S006,S005,6107.117973375198,366.7322998046875,416.7322998046875,101.93229980468749,221.7322998046875,C,558.7802680492318
S006,S007,2507.441750771155,540.361328125,590.361328125,275.561328125,241.861328125,A,397.5517865225962
S006,S007,2507.441750771155,540.361328125,590.361328125,275.561328125,241.861328125,B,355.7610906764104
S006,S007,2507.441750771155,540.361328125,590.361328125,275.561328125,241.861328125,C,398.3179786972437
S006,S008,8061.4072303585235,517.8421020507812,567.8421020507812,253.04210205078124,296.9421020507813,A,874.9081440337833
S006,S008,8061.4072303585235,517.8421020507812,567.8421020507812,253.04210205078124,296.9421020507813,B,740.5513568611412
S006,S008,8061.4072303585235,517.8421020507812,567.8421020507812,253.04210205078124,296.9421020507813,C,787.1150405362714
S006,S009,7669.050273431071,341.0712890625,391.0712890625,76.27128906249999,161.0712890625,A,728.939801431756
S006,S009,7669.050273431071,341.0712890625,391.0712890625,76.27128906249999,161.0712890625,B,601.1222968745715
S006,S009,7669.050273431071,341.0712890625,391.0712890625,76.27128906249999,161.0712890625,C,622.314178384988
S006,S010,7921.2893812418815,383.2227783203125,433.2227783203125,118.42277832031249,81.62277832031248,A,732.2308192050525
S006,S010,7921.2893812418815,383.2227783203125,433.2227783203125,118.42277832031249,81.62277832031248,B,600.2093295176878
S006,S010,7921.2893812418815,383.2227783203125,433.2227783203125,118.42277832031249,81.62277832031248,C,616.26645923774
S006,S011,3409.721332815337,350.46759033203125,400.46759033203125,85.66759033203124,188.36759033203126,A,388.046343978101
S006,S011,3409.721332815337,350.46759033203125,400.46759033203125,85.66759033203124,188.36759033203126,B,331.2176550978454
S006,S011,3409.721332815337,350.46759033203125,400.46759033203125,85.66759033203124,188.36759033203126,C,355.76558681985057
S006,S012,9989.796041889353,385.3490295410156,435.3490295410156,120.54902954101561,155.5490295410156,A,934.8856251541908
S006,S012,9989.796041889353,385.3490295410156,435.3490295410156,120.54902954101561,155.5490295410156,B,768.3890244560349
S006,S012,9989.796041889353,385.3490295410156,435.3490295410156,120.54902954101561,155.5490295410156,C,791.9805293795375
S006,S013,7782.691508979744,344.1709289550781,394.1709289550781,79.37092895507811,42.470928955078136,A,692.0029736487027
S006,S013,7782.691508979744,344.1709289550781,394.1709289550781,79.37092895507811,42.470928955078136,B,562.2914484990403
S006,S013,7782.691508979744,344.1709289550781,394.1709289550781,79.37092895507811,42.470928955078136,C,571.8299366582199
S006,S014,8596.786771800726,556.662109375,606.662109375,291.862109375,255.662109375,A,915.951111191727
S006,S014,8596.786771800726,556.662109375,606.662109375,291.862109375,255.662109375,B,772.6713316617149
S006,S014,8596.786771800726,556.662109375,606.662109375,291.862109375,255.662109375,C,817.6950165575483
S006,S015,4684.4608460689415,601.2601318359375,651.2601318359375,336.4601318359375,176.7601318359375,A,573.2291671854326
S006,S015,4684.4608460689415,601.2601318359375,651.2601318359375,336.4601318359375,176.7601318359375,B,495.1548197509503
S006,S015,4684.4608460689415,601.2601318359375,651.2601318359375,336.4601318359375,176.7601318359375,C,535.2615083902732
S007,O01,4534.460566816074,461.9731750488281,511.9731750488281,163.47317504882812,384.27317504882814,A,586.0720422704801
S007,O01,4534.460566816074,461.9731750488281,511.9731750488281,163.47317504882812,384.27317504882814,B,510.4976994902122
S007,O01,4534.460566816074,461.9731750488281,511.9731750488281,163.47317504882812,384.27317504882814,C,559.8232286650169
S007,S001,5187.883229802976,389.17535400390625,439.17535400390625,90.67535400390625,255.17535400390625,A,564.6188620864458
S007,S001,5187.883229802976,389.17535400390625,439.17535400390625,90.67535400390625,255.17535400390625,B,478.1541415897296
S007,S001,5187.883229802976,389.17535400390625,439.17535400390625,90.67535400390625,255.17535400390625,C,509.71670059038064
S007,S002,8118.281841370918,424.7281799316406,474.7281799316406,126.22817993164062,255.22817993164062,A,820.6908187307796
S007,S002,8118.281841370918,424.7281799316406,474.7281799316406,126.22817993164062,255.22817993164062,B,685.3861213745977
S007,S002,8118.281841370918,424.7281799316406,474.7281799316406,126.22817993164062,255.22817993164062,C,719.3241513632045
S007,S003,2734.2616228002607,360.6993408203125,410.6993408203125,62.1993408203125,72.1993408203125,A,277.4679851682509
S007,S003,2734.2616228002607,360.6993408203125,410.6993408203125,62.1993408203125,72.1993408203125,B,231.8969581215799
S007,S003,2734.2616228002607,360.6993408203125,410.6993408203125,62.1993408203125,72.1993408203125,C,243.2635149249653
S007,S004,7096.41861080046,543.2369995117188,593.2369995117188,244.73699951171875,364.93699951171874,A,818.922017208632
S007,S004,7096.41861080046,543.2369995117188,593.2369995117188,244.73699951171875,364.93699951171874,B,700.6483736952912
S007,S004,7096.41861080046,543.2369995117188,593.2369995117188,244.73699951171875,364.93699951171874,C,753.4578736139109
S007,S005,4687.969221971704,467.1478271484375,517.1478271484375,168.6478271484375,322.1478271484375,A,575.7391750731629
S007,S005,4687.969221971704,467.1478271484375,517.1478271484375,168.6478271484375,322.1478271484375,B,497.6063547069678
S007,S005,4687.969221971704,467.1478271484375,517.1478271484375,168.6478271484375,322.1478271484375,C,541.064325898374
S007,S006,2507.441750771155,540.361328125,590.361328125,241.861328125,275.561328125,A,399.7984531892629
S007,S006,2507.441750771155,540.361328125,590.361328125,241.861328125,275.561328125,B,358.007757343077
S007,S006,2507.441750771155,540.361328125,590.361328125,241.861328125,275.561328125,C,401.6879786972437
S007,S008,5911.482676796894,606.739501953125,656.739501953125,308.239501953125,385.839501953125,A,749.7058578320328
S007,S008,5911.482676796894,606.739501953125,656.739501953125,308.239501953125,385.839501953125,B,651.1811465520847
S007,S008,5911.482676796894,606.739501953125,656.739501953125,308.239501953125,385.839501953125,C,710.3143968776055
S007,S009,6907.712077058184,418.3708190917969,468.3708190917969,119.87081909179688,238.37081909179688,A,710.9479404221664
S007,S009,6907.712077058184,418.3708190917969,468.3708190917969,119.87081909179688,238.37081909179688,B,595.81940580453
S007,S009,6907.712077058184,418.3708190917969,468.3708190917969,119.87081909179688,238.37081909179688,C,627.6478756531628
S007,S010,8599.961836810531,386.94964599609375,436.94964599609375,88.44964599609375,85.34964599609373,A,780.2865601313463
S007,S010,8599.961836810531,386.94964599609375,436.94964599609375,88.44964599609375,85.34964599609373,B,636.9538628511708
S007,S010,8599.961836810531,386.94964599609375,436.94964599609375,88.44964599609375,85.34964599609373,C,651.3854705171864
S007,S011,2834.028476552707,389.17535400390625,439.17535400390625,90.67535400390625,227.07535400390626,A,357.2242993155902
S007,S011,2834.028476552707,389.17535400390625,439.17535400390625,90.67535400390625,227.07535400390626,B,309.9904913730451
S007,S011,2834.028476552707,389.17535400390625,439.17535400390625,90.67535400390625,227.07535400390626,C,338.7430503736961
S007,S012,9663.23804387767,407.66363525390625,457.66363525390625,109.16363525390625,177.86363525390624,A,912.8031695093371
S007,S012,9663.23804387767,407.66363525390625,457.66363525390625,109.16363525390625,177.86363525390624,B,751.7492021113759
S007,S012,9663.23804387767,407.66363525390625,457.66363525390625,109.16363525390625,177.86363525390624,C,776.8131413203604
S007,S013,8054.988669632028,382.5381164550781,432.5381164550781,84.03811645507812,80.83811645507814,A,731.5970078697262
S007,S013,8054.988669632028,382.5381164550781,432.5381164550781,84.03811645507812,80.83811645507814,B,597.3471967091924
S007,S013,8054.988669632028,382.5381164550781,432.5381164550781,84.03811645507812,80.83811645507814,C,611.0335494517054
S007,S014,9684.060958724096,530.8557739257812,580.8557739257812,232.35577392578125,229.85577392578125,A,976.3993141059143
S007,S014,9684.060958724096,530.8557739257812,580.8557739257812,232.35577392578125,229.85577392578125,B,814.9982981271794
S007,S014,9684.060958724096,530.8557739257812,580.8557739257812,232.35577392578125,229.85577392578125,C,853.4742604481429
S007,S015,2219.359431912627,452.918212890625,502.918212890625,154.418212890625,28.418212890625,A,247.78664211251058
S007,S015,2219.359431912627,452.918212890625,502.918212890625,154.418212890625,28.418212890625,B,210.79731824730013
S007,S015,2219.359431912627,452.918212890625,502.918212890625,154.418212890625,28.418212890625,C,223.93368706240426
S008,O01,8079.033112423187,322.9093322753906,372.9093322753906,102.00933227539065,245.20933227539064,A,805.3396030372188
S008,O01,8079.033112423187,322.9093322753906,372.9093322753906,102.00933227539065,245.20933227539064,B,670.689051163499
S008,O01,8079.033112423187,322.9093322753906,372.9093322753906,102.00933227539065,245.20933227539064,C,702.0106065427307
S008,S001,5968.208405123096,316.78717041015625,366.78717041015625,95.88717041015627,182.78717041015625,A,602.4279587277059
S008,S001,5968.208405123096,316.78717041015625,366.78717041015625,95.88717041015627,182.78717041015625,B,502.95781864232094
S008,S001,5968.208405123096,316.78717041015625,366.78717041015625,95.88717041015627,182.78717041015625,C,527.6290137106803
S008,S002,4802.361653053604,331.8424987792969,381.8424987792969,110.9424987792969,162.34249877929688,A,502.1146368592847
S008,S002,4802.361653053604,331.8424987792969,381.8424987792969,110.9424987792969,162.34249877929688,B,422.07527597505793
S008,S002,4802.361653053604,331.8424987792969,381.8424987792969,110.9424987792969,162.34249877929688,C,445.70569243827407
S008,S003,6254.068544603746,746.0787353515625,796.0787353515625,525.1787353515625,457.5787353515625,A,879.2634513081247
S008,S003,6254.068544603746,746.0787353515625,796.0787353515625,525.1787353515625,457.5787353515625,B,775.0289755647289
S008,S003,6254.068544603746,746.0787353515625,796.0787353515625,525.1787353515625,457.5787353515625,C,855.7987647899893
S008,S004,2611.596348032859,336.83349609375,386.83349609375,115.93349609375002,158.53349609375,A,319.6909261381549
S008,S004,2611.596348032859,336.83349609375,386.83349609375,115.93349609375002,158.53349609375,B,276.16432033760725
S008,S004,2611.596348032859,336.83349609375,386.83349609375,115.93349609375002,158.53349609375,C,299.74656968656564
S008,S005,3040.170436044966,316.78717041015625,366.78717041015625,95.88717041015627,171.78717041015625,A,354.02479463786176
S008,S005,3040.170436044966,316.78717041015625,366.78717041015625,95.88717041015627,171.78717041015625,B,303.3552873704457
S008,S005,3040.170436044966,316.78717041015625,366.78717041015625,95.88717041015627,171.78717041015625,C,326.926482438805
S008,S006,8061.4072303585235,517.8421020507812,567.8421020507812,296.9421020507813,253.04210205078124,A,871.9814773671167
S008,S006,8061.4072303585235,517.8421020507812,567.8421020507812,296.9421020507813,253.04210205078124,B,737.6246901944746
S008,S006,8061.4072303585235,517.8421020507812,567.8421020507812,296.9421020507813,253.04210205078124,C,782.7250405362714
S008,S007,5911.482676796894,606.739501953125,656.739501953125,385.839501953125,308.239501953125,A,744.5325244986996
S008,S007,5911.482676796894,606.739501953125,656.739501953125,385.839501953125,308.239501953125,B,646.0078132187513
S008,S007,5911.482676796894,606.739501953125,656.739501953125,385.839501953125,308.239501953125,C,702.5543968776054
S008,S009,5018.270497488953,338.620361328125,388.620361328125,117.72036132812502,158.620361328125,A,520.8774730980377
S008,S009,5018.270497488953,338.620361328125,388.620361328125,117.72036132812502,158.620361328125,B,437.2396314732219
S008,S009,5018.270497488953,338.620361328125,388.620361328125,117.72036132812502,158.620361328125,C,460.949691694576
S008,S010,9292.964894446673,419.0903015136719,469.0903015136719,198.1903015136719,117.49030151367185,A,887.4732956472488
S008,S010,9292.964894446673,419.0903015136719,469.0903015136719,198.1903015136719,117.49030151367185,B,732.5905474064709
S008,S010,9292.964894446673,419.0903015136719,469.0903015136719,198.1903015136719,117.49030151367185,C,757.5522643254162
S008,S011,5327.212076078428,362.91650390625,412.91650390625,142.01650390625002,200.81650390625,A,571.599775871119
S008,S011,5327.212076078428,362.91650390625,412.91650390625,142.01650390625002,200.81650390625,B,482.81290793647855
S008,S011,5327.212076078428,362.91650390625,412.91650390625,142.01650390625002,200.81650390625,C,512.3623252541869
S008,S012,7727.832257164754,309.1531982421875,359.1531982421875,88.25319824218752,79.35319824218749,A,705.1450334746669
S008,S012,7727.832257164754,309.1531982421875,359.1531982421875,88.25319824218752,79.35319824218749,B,576.3478291885876
S008,S012,7727.832257164754,309.1531982421875,359.1531982421875,88.25319824218752,79.35319824218749,C,590.1666955622857
S008,S013,8054.017465865163,336.37310791015625,386.37310791015625,115.47310791015627,34.67310791015626,A,723.5284012895448
S008,S013,8054.017465865163,336.37310791015625,386.37310791015625,115.47310791015627,34.67310791015626,B,589.2947768584587
S008,S013,8054.017465865163,336.37310791015625,386.37310791015625,115.47310791015627,34.67310791015626,C,600.4602948434848
S008,S014,10974.334854205863,542.4922485351562,592.4922485351562,321.5922485351563,241.49224853515625,A,1118.3222201096032
S008,S014,10974.334854205863,542.4922485351562,592.4922485351562,321.5922485351563,241.49224853515625,B,935.4166392061721
S008,S014,10974.334854205863,542.4922485351562,592.4922485351562,321.5922485351563,241.49224853515625,C,981.0053472953648
S008,S015,3928.8940469076606,660.450927734375,710.450927734375,439.550927734375,235.950927734375,A,568.3051842475134
S008,S015,3928.8940469076606,660.450927734375,710.450927734375,439.550927734375,235.950927734375,B,502.8236167990524
S008,S015,3928.8940469076606,660.450927734375,710.450927734375,439.550927734375,235.950927734375,C,555.7221047547815
S009,O01,5705.144962277037,243.22891235351562,293.2289123535156,63.228912353515625,165.52891235351564,A,562.7166159156645
S009,O01,5705.144962277037,243.22891235351562,293.2289123535156,63.228912353515625,165.52891235351564,B,467.63086654438064
S009,O01,5705.144962277037,243.22891235351562,293.2289123535156,63.228912353515625,165.52891235351564,C,488.39901860329985
S009,S001,2651.198773865906,243.22891235351562,293.2289123535156,63.228912353515625,109.22891235351562,A,285.7011002147369
S009,S001,2651.198773865906,243.22891235351562,293.2289123535156,63.228912353515625,109.22891235351562,B,241.5144539836385
S009,S001,2651.198773865906,243.22891235351562,293.2289123535156,63.228912353515625,109.22891235351562,C,256.65260604255775
S009,S002,1724.5471958647918,278.2866516113281,328.2866516113281,98.28665161132812,108.78665161132812,A,219.98914417037327
S009,S002,1724.5471958647918,278.2866516113281,328.2866516113281,98.28665161132812,108.78665161132812,B,191.24669090596007
S009,S002,1724.5471958647918,278.2866516113281,328.2866516113281,98.28665161132812,108.78665161132812,C,208.6777995078481
S009,S003,8897.537411915897,544.588134765625,594.588134765625,364.588134765625,256.088134765625,A,965.4260831544498
S009,S003,8897.537411915897,544.588134765625,594.588134765625,364.588134765625,256.088134765625,B,817.1337929558515
S009,S003,8897.537411915897,544.588134765625,594.588134765625,364.588134765625,256.088134765625,C,867.0484820834556
S009,S004,2985.089052620417,275.2157897949219,325.2157897949219,95.21578979492188,96.91578979492186,A,319.26233356797746
S009,S004,2985.089052620417,275.2157897949219,325.2157897949219,95.21578979492188,96.91578979492186,B,269.5108493576372
S009,S004,2985.089052620417,275.2157897949219,325.2157897949219,95.21578979492188,96.91578979492186,C,285.55014765679084
S009,S005,2649.9225367927993,313.5632019042969,363.5632019042969,133.56320190429688,168.56320190429688,A,332.7732261292176
S009,S005,2649.9225367927993,313.5632019042969,363.5632019042969,133.56320190429688,168.56320190429688,B,288.6078505160043
S009,S005,2649.9225367927993,313.5632019042969,363.5632019042969,133.56320190429688,168.56320190429688,C,314.3683841667205
S009,S006,7669.050273431071,341.0712890625,391.0712890625,161.0712890625,76.27128906249999,A,723.2864680984226
S009,S006,7669.050273431071,341.0712890625,391.0712890625,161.0712890625,76.27128906249999,B,595.468963541238
S009,S006,7669.050273431071,341.0712890625,391.0712890625,161.0712890625,76.27128906249999,C,613.8341783849881
S009,S007,6907.712077058184,418.3708190917969,468.3708190917969,238.37081909179688,119.87081909179688,A,703.0479404221664
S009,S007,6907.712077058184,418.3708190917969,468.3708190917969,238.37081909179688,119.87081909179688,B,587.91940580453
S009,S007,6907.712077058184,418.3708190917969,468.3708190917969,238.37081909179688,119.87081909179688,C,615.7978756531628
S009,S008,5018.270497488953,338.620361328125,388.620361328125,158.620361328125,117.72036132812502,A,518.1508064313712
S009,S008,5018.270497488953,338.620361328125,388.620361328125,158.620361328125,117.72036132812502,B,434.5129648065552
S009,S008,5018.270497488953,338.620361328125,388.620361328125,158.620361328125,117.72036132812502,C,456.85969169457604
S009,S010,4564.1239782595885,432.957275390625,482.957275390625,252.957275390625,131.35727539062498,A,517.2056668080907
S009,S010,4564.1239782595885,432.957275390625,482.957275390625,252.957275390625,131.35727539062498,B,441.13693383709756
S009,S010,4564.1239782595885,432.957275390625,482.957275390625,252.957275390625,131.35727539062498,C,471.13647973553503
S009,S011,4325.129159248302,265.66766357421875,315.66766357421875,85.66766357421875,103.56766357421876,A,430.41038322511895
S009,S011,4325.129159248302,265.66766357421875,315.66766357421875,85.66766357421875,103.56766357421876,B,358.32489723764724
S009,S011,4325.129159248302,265.66766357421875,315.66766357421875,85.66766357421875,103.56766357421876,C,374.39284116668364
S009,S012,2972.7018315928194,310.91961669921875,360.91961669921875,130.91961669921875,81.11961669921874,A,323.81287154549534
S009,S012,2972.7018315928194,310.91961669921875,360.91961669921875,130.91961669921875,81.11961669921874,B,274.26784101894833
S009,S012,2972.7018315928194,310.91961669921875,360.91961669921875,130.91961669921875,81.11961669921874,C,291.10777713548487
S009,S013,3211.1411620120784,322.2989807128906,372.2989807128906,142.29898071289062,20.598980712890636,A,323.2676826904597
S009,S013,3211.1411620120784,322.2989807128906,372.2989807128906,142.29898071289062,20.598980712890636,B,269.7486633235917
S009,S013,3211.1411620120784,322.2989807128906,372.2989807128906,142.29898071289062,20.598980712890636,C,281.29516010907344
S009,S014,6315.453707338952,502.7727966308594,552.7727966308594,322.7727966308594,201.77279663085938,A,714.5878598075428
S009,S014,6315.453707338952,502.7727966308594,552.7727966308594,322.7727966308594,201.77279663085938,B,609.3302980185603
S009,S014,6315.453707338952,502.7727966308594,552.7727966308594,322.7727966308594,201.77279663085938,C,651.0257641237035
S009,S015,6362.737186061182,532.3267822265625,582.3267822265625,352.3267822265625,107.8267822265625,A,690.8010724712443
S009,S015,6362.737186061182,532.3267822265625,582.3267822265625,352.3267822265625,107.8267822265625,B,584.7554527035579
S009,S015,6362.737186061182,532.3267822265625,582.3267822265625,352.3267822265625,107.8267822265625,C,619.0265830746516
S010,O01,4784.49485164363,385.63653564453125,435.63653564453125,84.03653564453123,307.93653564453126,A,549.8946971096254
S010,O01,4784.49485164363,385.63653564453125,435.63653564453125,84.03653564453123,307.93653564453126,B,470.15311624889824
S010,O01,4784.49485164363,385.63653564453125,435.63653564453125,84.03653564453123,307.93653564453126,C,506.54920552298677
S010,S001,3709.894180127748,381.0796813964844,431.0796813964844,79.47968139648435,247.07968139648438,A,434.48294803473414
S010,S001,3709.894180127748,381.0796813964844,431.0796813964844,79.47968139648435,247.07968139648438,B,372.6513783659384
S010,S001,3709.894180127748,381.0796813964844,431.0796813964844,79.47968139648435,247.07968139648438,C,402.6579919320191
S010,S002,5917.036166062372,441.85394287109375,491.85394287109375,140.25394287109373,272.35394287109375,A,648.7792386106664
S010,S002,5917.036166062372,441.85394287109375,491.85394287109375,140.25394287109373,272.35394287109375,B,550.1619691762936
S010,S002,5917.036166062372,441.85394287109375,491.85394287109375,140.25394287109373,272.35394287109375,C,586.7476263214759
S010,S003,11224.341531884298,466.96417236328125,516.9641723632812,165.36417236328123,178.46417236328125,A,1061.8688540567643
S010,S003,11224.341531884298,466.96417236328125,516.9641723632812,165.36417236328123,178.46417236328125,B,874.7964951920262
S010,S003,11224.341531884298,466.96417236328125,516.9641723632812,165.36417236328123,178.46417236328125,C,903.6671905859064
S010,S004,7545.204777267781,432.957275390625,482.957275390625,131.35727539062498,254.657275390625,A,774.4157333921067
S010,S004,7545.204777267781,432.957275390625,482.957275390625,131.35727539062498,254.657275390625,B,648.6623204376438
S010,S004,7545.204777267781,432.957275390625,482.957275390625,131.35727539062498,254.657275390625,C,682.8851996694145
S010,S005,6361.357075639463,416.15325927734375,466.15325927734375,114.55325927734373,271.15325927734375,A,676.758813106674
S010,S005,6361.357075639463,416.15325927734375,466.15325927734375,114.55325927734373,271.15325927734375,B,570.7361951793496
S010,S005,6361.357075639463,416.15325927734375,466.15325927734375,114.55325927734373,271.15325927734375,C,605.4884050589069
S010,S006,7921.2893812418815,383.2227783203125,433.2227783203125,81.62277832031248,118.42277832031249,A,734.6841525383859
S010,S006,7921.2893812418815,383.2227783203125,433.2227783203125,81.62277832031248,118.42277832031249,B,602.6626628510212
S010,S006,7921.2893812418815,383.2227783203125,433.2227783203125,81.62277832031248,118.42277832031249,C,619.94645923774
S010,S007,8599.961836810531,386.94964599609375,436.94964599609375,85.34964599609373,88.44964599609375,A,780.493226798013
S010,S007,8599.961836810531,386.94964599609375,436.94964599609375,85.34964599609373,88.44964599609375,B,637.1605295178375
S010,S007,8599.961836810531,386.94964599609375,436.94964599609375,85.34964599609373,88.44964599609375,C,651.6954705171864
S010,S008,9292.964894446673,419.0903015136719,469.0903015136719,117.49030151367185,198.1903015136719,A,892.8532956472488
S010,S008,9292.964894446673,419.0903015136719,469.0903015136719,117.49030151367185,198.1903015136719,B,737.9705474064709
S010,S008,9292.964894446673,419.0903015136719,469.0903015136719,117.49030151367185,198.1903015136719,C,765.6222643254162
S010,S009,4564.1239782595885,432.957275390625,482.957275390625,131.35727539062498,252.957275390625,A,525.3123334747573
S010,S009,4564.1239782595885,432.957275390625,482.957275390625,131.35727539062498,252.957275390625,B,449.2436005037642
S010,S009,4564.1239782595885,432.957275390625,482.957275390625,131.35727539062498,252.957275390625,C,483.29647973553506
S010,S011,5873.554813479905,387.0433349609375,437.0433349609375,85.44333496093748,224.9433349609375,A,607.9213467613463
S010,S011,5873.554813479905,387.0433349609375,437.0433349609375,85.44333496093748,224.9433349609375,B,510.02876653668113
S010,S011,5873.554813479905,387.0433349609375,437.0433349609375,85.44333496093748,224.9433349609375,C,538.219322363504
S010,S012,3951.0045221718105,423.1903076171875,473.1903076171875,121.59030761718748,193.3903076171875,A,447.1366024335884
S010,S012,3951.0045221718105,423.1903076171875,473.1903076171875,121.59030761718748,193.3903076171875,B,381.2865270640582
S010,S012,3951.0045221718105,423.1903076171875,473.1903076171875,121.59030761718748,193.3903076171875,C,408.7315783335895
S010,S013,1378.6725696552137,454.07037353515625,504.07037353515625,152.47037353515623,152.37037353515626,A,226.66098806371573
S010,S013,1378.6725696552137,454.07037353515625,504.07037353515625,152.47037353515623,152.37037353515626,B,203.6831119027955
S010,S013,1378.6725696552137,454.07037353515625,504.07037353515625,152.47037353515623,152.37037353515626,C,229.08484082532155
S010,S014,1753.1912032696723,487.5635681152344,537.5635681152344,185.96356811523435,186.56356811523438,A,282.7125502236446
S010,S014,1753.1912032696723,487.5635681152344,537.5635681152344,185.96356811523435,186.56356811523438,B,253.49269683581667
S010,S014,1753.1912032696723,487.5635681152344,537.5635681152344,185.96356811523435,186.56356811523438,C,284.5466248550224
S010,S015,9196.05822349696,568.3262329101562,618.3262329101562,266.7262329101562,143.82623291015625,A,912.7774227588613
S010,S015,9196.05822349696,568.3262329101562,618.3262329101562,266.7262329101562,143.82623291015625,B,759.5097857005786
S010,S015,9196.05822349696,568.3262329101562,618.3262329101562,266.7262329101562,143.82623291015625,C,791.6741578522713
S011,O01,2808.074232681646,245.36175537109375,295.36175537109375,83.26175537109376,167.66175537109376,A,328.8248066622726
S011,O01,2808.074232681646,245.36175537109375,295.36175537109375,83.26175537109376,167.66175537109376,B,282.02356945091185
S011,O01,2808.074232681646,245.36175537109375,295.36175537109375,83.26175537109376,167.66175537109376,C,304.3405286794275
S011,S001,2354.0924594173175,226.38790893554688,276.3879089355469,64.28790893554688,92.38790893554688,A,254.55883817084418
S011,S001,2354.0924594173175,226.38790893554688,276.3879089355469,64.28790893554688,92.38790893554688,B,215.32396384722222
S011,S001,2354.0924594173175,226.38790893554688,276.3879089355469,64.28790893554688,92.38790893554688,C,228.84861533648004
S011,S002,5781.673943782255,311.78533935546875,361.78533935546875,149.68533935546876,142.28533935546875,A,588.6154108425317
S011,S002,5781.673943782255,311.78533935546875,361.78533935546875,149.68533935546876,142.28533935546875,B,492.2541784461608
S011,S002,5781.673943782255,311.78533935546875,361.78533935546875,149.68533935546876,142.28533935546875,C,516.4617350054056
S011,S003,5356.618098230948,485.42230224609375,535.4223022460938,323.3223022460937,196.92230224609375,A,632.927863166381
S011,S003,5356.618098230948,485.42230224609375,535.4223022460938,323.3223022460937,196.92230224609375,B,543.6508948625319
S011,S003,5356.618098230948,485.42230224609375,535.4223022460938,323.3223022460937,196.92230224609375,C,584.8979452368809
S011,S004,5403.734548085296,311.138916015625,361.138916015625,149.038916015625,132.838916015625,A,553.1264174185663
S011,S004,5403.734548085296,311.138916015625,361.138916015625,149.038916015625,132.838916015625,B,463.0641749504781
S011,S004,5403.734548085296,311.138916015625,361.138916015625,149.038916015625,132.838916015625,C,486.2839942864156
S011,S005,2802.712805304408,297.5489196777344,347.5489196777344,135.44891967773438,152.54891967773438,A,339.7286082057058
S011,S005,2802.712805304408,297.5489196777344,347.5489196777344,135.44891967773438,152.54891967773438,B,293.01672811729907
S011,S005,2802.712805304408,297.5489196777344,347.5489196777344,135.44891967773438,152.54891967773438,C,317.30154806358814
S011,S006,3409.721332815337,350.46759033203125,400.46759033203125,188.36759033203126,85.66759033203124,A,381.19967731143436
S011,S006,3409.721332815337,350.46759033203125,400.46759033203125,188.36759033203126,85.66759033203124,B,324.3709884311787
S011,S006,3409.721332815337,350.46759033203125,400.46759033203125,188.36759033203126,85.66759033203124,C,345.4955868198506
S011,S007,2834.028476552707,389.17535400390625,439.17535400390625,227.07535400390626,90.67535400390625,A,348.13096598225684
S011,S007,2834.028476552707,389.17535400390625,439.17535400390625,227.07535400390626,90.67535400390625,B,300.8971580397117
S011,S007,2834.028476552707,389.17535400390625,439.17535400390625,227.07535400390626,90.67535400390625,C,325.1030503736961
S011,S008,5327.212076078428,362.91650390625,412.91650390625,200.81650390625,142.01650390625002,A,567.679775871119
S011,S008,5327.212076078428,362.91650390625,412.91650390625,200.81650390625,142.01650390625002,B,478.8929079364786
S011,S008,5327.212076078428,362.91650390625,412.91650390625,200.81650390625,142.01650390625002,C,506.4823252541869
S011,S009,4325.129159248302,265.66766357421875,315.66766357421875,103.56766357421876,85.66766357421875,A,429.21704989178556
S011,S009,4325.129159248302,265.66766357421875,315.66766357421875,103.56766357421876,85.66766357421875,B,357.13156390431385
S011,S009,4325.129159248302,265.66766357421875,315.66766357421875,103.56766357421876,85.66766357421875,C,372.6028411666837
S011,S010,5873.554813479905,387.0433349609375,437.0433349609375,224.9433349609375,85.44333496093748,A,598.6213467613462
S011,S010,5873.554813479905,387.0433349609375,437.0433349609375,224.9433349609375,85.44333496093748,B,500.7287665366811
S011,S010,5873.554813479905,387.0433349609375,437.0433349609375,224.9433349609375,85.44333496093748,C,524.269322363504
S011,S012,6903.50294410302,370.4505615234375,420.4505615234375,208.3505615234375,140.6505615234375,A,701.0023237924391
S011,S012,6903.50294410302,370.4505615234375,420.4505615234375,208.3505615234375,140.6505615234375,B,585.9439413907221
S011,S012,6903.50294410302,370.4505615234375,420.4505615234375,208.3505615234375,140.6505615234375,C,613.8990349779617
S011,S013,5233.202579701622,328.3608093261719,378.3608093261719,166.26080932617188,26.660809326171886,A,502.1848084809946
S011,S013,5233.202579701622,328.3608093261719,378.3608093261719,166.26080932617188,26.660809326171886,B,414.9647654859676
S011,S013,5233.202579701622,328.3608093261719,378.3608093261719,166.26080932617188,26.660809326171886,C,428.7149003736629
S011,S014,7127.719086593689,568.5668334960938,618.5668334960938,406.4668334960937,267.56683349609375,A,836.4922684466095
S011,S014,7127.719086593689,568.5668334960938,618.5668334960938,406.4668334960937,267.56683349609375,B,717.6969503367147
S011,S014,7127.719086593689,568.5668334960938,618.5668334960938,406.4668334960937,267.56683349609375,C,771.5514225860636
S011,S015,3461.196864772905,538.7306518554688,588.7306518554688,376.6306518554687,114.23065185546875,A,459.6688834250858
S011,S015,3461.196864772905,538.7306518554688,588.7306518554688,376.6306518554687,114.23065185546875,B,401.9822690122041
S011,S015,3461.196864772905,538.7306518554688,588.7306518554688,376.6306518554687,114.23065185546875,C,438.51404432144886
S012,O01,7390.491686977874,363.3009948730469,413.3009948730469,133.50099487304686,285.6009948730469,A,774.615036821724
S012,O01,7390.491686977874,363.3009948730469,413.3009948730469,133.50099487304686,285.6009948730469,B,651.4401753720927
S012,O01,7390.491686977874,363.3009948730469,413.3009948730469,133.50099487304686,285.6009948730469,C,688.9003411842671
S012,S001,4697.683538665447,385.599609375,435.599609375,155.799609375,251.599609375,A,544.0466750971206
S012,S001,4697.683538665447,385.599609375,435.599609375,155.799609375,251.599609375,B,465.7519494526964
S012,S001,4697.683538665447,385.599609375,435.599609375,155.799609375,251.599609375,C,501.29855101519644
S012,S002,3071.2755268940637,358.1782531738281,408.1782531738281,128.3782531738281,188.67825317382812,A,374.2036795686459
S012,S002,3071.2755268940637,358.1782531738281,408.1782531738281,128.3782531738281,188.67825317382812,B,323.01575412041154
S012,S002,3071.2755268940637,358.1782531738281,408.1782531738281,128.3782531738281,188.67825317382812,C,350.4421296493829
S012,S003,11816.962386105222,544.5889282226562,594.5889282226562,314.78892822265624,256.08892822265625,A,1192.1120795387164
S012,S003,11816.962386105222,544.5889282226562,594.5889282226562,314.78892822265624,256.08892822265625,B,995.1627064369628
S012,S003,11816.962386105222,544.5889282226562,594.5889282226562,314.78892822265624,256.08892822265625,C,1041.7575278074055
S012,S004,5285.127317623106,312.0069580078125,362.0069580078125,82.20695800781249,133.7069580078125,A,521.3123790076547
S012,S004,5285.127317623106,312.0069580078125,362.0069580078125,82.20695800781249,133.7069580078125,B,433.22692371393623
S012,S004,5285.127317623106,312.0069580078125,362.0069580078125,82.20695800781249,133.7069580078125,C,452.078083381905
S012,S005,5622.613282747788,313.5632019042969,363.5632019042969,83.76320190429686,168.56320190429688,A,563.8974549588
S012,S005,5622.613282747788,313.5632019042969,363.5632019042969,83.76320190429686,168.56320190429688,B,470.1872335796702
S012,S005,5622.613282747788,313.5632019042969,363.5632019042969,83.76320190429686,168.56320190429688,C,492.6277672303863
S012,S006,9989.796041889353,385.3490295410156,435.3490295410156,155.5490295410156,120.54902954101561,A,932.5522918208575
S012,S006,9989.796041889353,385.3490295410156,435.3490295410156,155.5490295410156,120.54902954101561,B,766.0556911227015
S012,S006,9989.796041889353,385.3490295410156,435.3490295410156,155.5490295410156,120.54902954101561,C,788.4805293795375
S012,S007,9663.23804387767,407.66363525390625,457.66363525390625,177.86363525390624,109.16363525390625,A,908.2231695093371
S012,S007,9663.23804387767,407.66363525390625,457.66363525390625,177.86363525390624,109.16363525390625,B,747.169202111376
S012,S007,9663.23804387767,407.66363525390625,457.66363525390625,177.86363525390624,109.16363525390625,C,769.9431413203603
S012,S008,7727.832257164754,309.1531982421875,359.1531982421875,79.35319824218749,88.25319824218752,A,705.7383668080004
S012,S008,7727.832257164754,309.1531982421875,359.1531982421875,79.35319824218749,88.25319824218752,B,576.9411625219211
S012,S008,7727.832257164754,309.1531982421875,359.1531982421875,79.35319824218749,88.25319824218752,C,591.0566955622855
S012,S009,2972.7018315928194,310.91961669921875,360.91961669921875,81.11961669921874,130.91961669921875,A,327.13287154549533
S012,S009,2972.7018315928194,310.91961669921875,360.91961669921875,81.11961669921874,130.91961669921875,B,277.5878410189484
S012,S009,2972.7018315928194,310.91961669921875,360.91961669921875,81.11961669921874,130.91961669921875,C,296.0877771354848
S012,S010,3951.0045221718105,423.1903076171875,473.1903076171875,193.3903076171875,121.59030761718748,A,442.34993576692176
S012,S010,3951.0045221718105,423.1903076171875,473.1903076171875,193.3903076171875,121.59030761718748,B,376.49986039739156
S012,S010,3951.0045221718105,423.1903076171875,473.1903076171875,193.3903076171875,121.59030761718748,C,401.5515783335894
S012,S011,6903.50294410302,370.4505615234375,420.4505615234375,140.6505615234375,208.3505615234375,A,705.5156571257725
S012,S011,6903.50294410302,370.4505615234375,420.4505615234375,140.6505615234375,208.3505615234375,B,590.4572747240554
S012,S011,6903.50294410302,370.4505615234375,420.4505615234375,140.6505615234375,208.3505615234375,C,620.6690349779618
S012,S013,2855.2198847422064,386.5263671875,436.5263671875,156.7263671875,84.82636718750001,A,324.1076596660172
S012,S013,2855.2198847422064,386.5263671875,436.5263671875,156.7263671875,84.82636718750001,B,276.5206615869804
S012,S013,2855.2198847422064,386.5263671875,436.5263671875,156.7263671875,84.82636718750001,C,295.45172278489713
S012,S014,5454.84377374143,481.1858215332031,531.1858215332031,251.3858215332031,180.18582153320312,A,610.4399169361348
S012,S014,5454.84377374143,481.1858215332031,531.1858215332031,251.3858215332031,180.18582153320312,B,519.5258540404443
S012,S014,5454.84377374143,481.1858215332031,531.1858215332031,251.3858215332031,180.18582153320312,C,554.3034909626448
S012,S015,9317.61118163096,534.7462158203125,584.7462158203125,304.9462158203125,110.2462158203125,A,922.2148234041425
S012,S015,9317.61118163096,534.7462158203125,584.7462158203125,304.9462158203125,110.2462158203125,B,766.9213037102932
S012,S015,9317.61118163096,534.7462158203125,584.7462158203125,304.9462158203125,110.2462158203125,C,798.2756730136786
S013,O01,4849.242377230511,349.18182373046875,399.18182373046875,47.48182373046876,271.48182373046876,A,528.5235355048864
S013,O01,4849.242377230511,349.18182373046875,399.18182373046875,47.48182373046876,271.48182373046876,B,447.70282921771116
S013,O01,4849.242377230511,349.18182373046875,399.18182373046875,47.48182373046876,271.48182373046876,C,478.0164665061226
S013,S001,2898.825752847234,328.3608093261719,378.3608093261719,26.660809326171886,194.36080932617188,A,328.20007290979555
S013,S001,2898.825752847234,328.3608093261719,378.3608093261719,26.660809326171886,194.36080932617188,B,279.88631036234165
S013,S001,2898.825752847234,328.3608093261719,378.3608093261719,26.660809326171886,194.36080932617188,C,301.09977858337027
S013,S002,4540.13286339447,327.2103271484375,377.2103271484375,25.51032714843751,157.7103271484375,A,449.93197852506006
S013,S002,4540.13286339447,327.2103271484375,377.2103271484375,25.51032714843751,157.7103271484375,B,374.26309746848557
S013,S002,4540.13286339447,327.2103271484375,377.2103271484375,25.51032714843751,157.7103271484375,C,391.7348186598918
S013,S003,10557.567201469448,505.94439697265625,555.9443969726562,204.24439697265626,217.44439697265625,A,1034.8564912357353
S013,S003,10557.567201469448,505.94439697265625,555.9443969726562,204.24439697265626,217.44439697265625,B,858.8970378779112
S013,S003,10557.567201469448,505.94439697265625,555.9443969726562,204.24439697265626,217.44439697265625,C,894.2577707066872
S013,S004,6196.225149188076,322.2989807128906,372.2989807128906,20.598980712890636,143.9989807128906,A,580.8180149551262
S013,S004,6196.225149188076,322.2989807128906,372.2989807128906,20.598980712890636,143.9989807128906,B,477.5475958019915
S013,S004,6196.225149188076,322.2989807128906,372.2989807128906,20.598980712890636,143.9989807128906,C,493.32075925413994
S013,S005,5214.490976768669,324.4444580078125,374.4444580078125,22.74445800781251,179.4444580078125,A,513.9001839364515
S013,S005,5214.490976768669,324.4444580078125,374.4444580078125,22.74445800781251,179.4444580078125,B,426.9920009903071
S013,S005,5214.490976768669,324.4444580078125,374.4444580078125,22.74445800781251,179.4444580078125,C,446.45274399160917
S013,S006,7782.691508979744,344.1709289550781,394.1709289550781,42.470928955078136,79.37092895507811,A,694.4629736487027
S013,S006,7782.691508979744,344.1709289550781,394.1709289550781,42.470928955078136,79.37092895507811,B,564.7514484990403
S013,S006,7782.691508979744,344.1709289550781,394.1709289550781,42.470928955078136,79.37092895507811,C,575.51993665822
S013,S007,8054.988669632028,382.5381164550781,432.5381164550781,80.83811645507814,84.03811645507812,A,731.8103412030596
S013,S007,8054.988669632028,382.5381164550781,432.5381164550781,80.83811645507814,84.03811645507812,B,597.5605300425258
S013,S007,8054.988669632028,382.5381164550781,432.5381164550781,80.83811645507814,84.03811645507812,C,611.3535494517055
S013,S008,8054.017465865163,336.37310791015625,386.37310791015625,34.67310791015626,115.47310791015627,A,728.9150679562116
S013,S008,8054.017465865163,336.37310791015625,386.37310791015625,34.67310791015626,115.47310791015627,B,594.6814435251255
S013,S008,8054.017465865163,336.37310791015625,386.37310791015625,34.67310791015626,115.47310791015627,C,608.5402948434848
S013,S009,3211.1411620120784,322.2989807128906,372.2989807128906,20.598980712890636,142.29898071289062,A,331.381016023793
S013,S009,3211.1411620120784,322.2989807128906,372.2989807128906,20.598980712890636,142.29898071289062,B,277.861996656925
S013,S009,3211.1411620120784,322.2989807128906,372.2989807128906,20.598980712890636,142.29898071289062,C,293.46516010907345
S013,S010,1378.6725696552137,454.07037353515625,504.07037353515625,152.37037353515626,152.47037353515623,A,226.6676547303824
S013,S010,1378.6725696552137,454.07037353515625,504.07037353515625,152.37037353515626,152.47037353515623,B,203.68977856946216
S013,S010,1378.6725696552137,454.07037353515625,504.07037353515625,152.37037353515626,152.47037353515623,C,229.09484082532154
S013,S011,5233.202579701622,328.3608093261719,378.3608093261719,26.660809326171886,166.26080932617188,A,511.4914751476612
S013,S011,5233.202579701622,328.3608093261719,378.3608093261719,26.660809326171886,166.26080932617188,B,424.2714321526342
S013,S011,5233.202579701622,328.3608093261719,378.3608093261719,26.660809326171886,166.26080932617188,C,442.67490037366287
S013,S012,2855.2198847422064,386.5263671875,436.5263671875,84.82636718750001,156.7263671875,A,328.90099299935054
S013,S012,2855.2198847422064,386.5263671875,436.5263671875,84.82636718750001,156.7263671875,B,281.3139949203138
S013,S012,2855.2198847422064,386.5263671875,436.5263671875,84.82636718750001,156.7263671875,C,302.64172278489707
S013,S014,3127.400496881075,483.26031494140625,533.2603149414062,181.56031494140626,182.26031494140625,A,394.0409390304542
S013,S014,3127.400496881075,483.26031494140625,533.2603149414062,181.56031494140626,182.26031494140625,B,341.9175974157696
S013,S014,3127.400496881075,483.26031494140625,533.2603149414062,181.56031494140626,182.26031494140625,C,372.24764990600397
S013,S015,8348.973022024406,529.7706298828125,579.7706298828125,228.0706298828125,105.2706298828125,A,813.879547082763
S013,S015,8348.973022024406,529.7706298828125,579.7706298828125,228.0706298828125,105.2706298828125,B,674.7299967156895
S013,S015,8348.973022024406,529.7706298828125,579.7706298828125,228.0706298828125,105.2706298828125,C,700.461768362825
S014,O01,5419.60185821314,541.9473876953125,591.9473876953125,240.9473876953125,464.2473876953125,A,717.6482391609909
S014,O01,5419.60185821314,541.9473876953125,591.9473876953125,240.9473876953125,464.2473876953125,B,627.3215415241052
S014,O01,5419.60185821314,541.9473876953125,591.9473876953125,240.9473876953125,464.2473876953125,C,689.8094394733239
S014,S001,5196.211104521405,550.0504150390625,600.0504150390625,249.0504150390625,416.0504150390625,A,682.4545630720962
S014,S001,5196.211104521405,550.0504150390625,600.0504150390625,249.0504150390625,416.0504150390625,B,595.8510446634061
S014,S001,5196.211104521405,550.0504150390625,600.0504150390625,249.0504150390625,416.0504150390625,C,654.0594471699166
S014,S002,7654.630751146548,457.5832214355469,507.5832214355469,156.58322143554688,288.0832214355469,A,805.31359164828
S014,S002,7654.630751146548,457.5832214355469,507.5832214355469,156.58322143554688,288.0832214355469,B,677.7364124625042
S014,S002,7654.630751146548,457.5832214355469,507.5832214355469,156.58322143554688,288.0832214355469,C,716.9836160350955
S014,S003,12385.714579095842,542.7295532226562,592.7295532226562,241.72955322265625,254.22955322265625,A,1214.4112206212683
S014,S003,12385.714579095842,542.7295532226562,592.7295532226562,241.72955322265625,254.22955322265625,B,1007.982644303004
S014,S003,12385.714579095842,542.7295532226562,592.7295532226562,241.72955322265625,254.22955322265625,C,1049.5209031734466
S014,S004,9293.779822341314,505.3861083984375,555.3861083984375,204.3861083984375,327.0861083984375,A,973.4447980206303
S014,S004,9293.779822341314,505.3861083984375,555.3861083984375,204.3861083984375,327.0861083984375,B,818.548467648275
S014,S004,9293.779822341314,505.3861083984375,555.3861083984375,204.3861083984375,327.0861083984375,C,864.8828190480148
S014,S005,7995.561184763025,552.8875122070312,602.8875122070312,251.88751220703125,407.88751220703125,A,913.4142743487416
S014,S005,7995.561184763025,552.8875122070312,602.8875122070312,251.88751220703125,407.88751220703125,B,780.1549212693578
S014,S005,7995.561184763025,552.8875122070312,602.8875122070312,251.88751220703125,407.88751220703125,C,837.7361733038631
S014,S006,8596.786771800726,556.662109375,606.662109375,255.662109375,291.862109375,A,918.3644445250604
S014,S006,8596.786771800726,556.662109375,606.662109375,255.662109375,291.862109375,B,775.0846649950483
S014,S006,8596.786771800726,556.662109375,606.662109375,255.662109375,291.862109375,C,821.3150165575483
S014,S007,9684.060958724096,530.8557739257812,580.8557739257812,229.85577392578125,232.35577392578125,A,976.5659807725809
S014,S007,9684.060958724096,530.8557739257812,580.8557739257812,229.85577392578125,232.35577392578125,B,815.164964793846
S014,S007,9684.060958724096,530.8557739257812,580.8557739257812,229.85577392578125,232.35577392578125,C,853.7242604481429
S014,S008,10974.334854205863,542.4922485351562,592.4922485351562,241.49224853515625,321.5922485351563,A,1123.6622201096031
S014,S008,10974.334854205863,542.4922485351562,592.4922485351562,241.49224853515625,321.5922485351563,B,940.7566392061722
S014,S008,10974.334854205863,542.4922485351562,592.4922485351562,241.49224853515625,321.5922485351563,C,989.0153472953648
S014,S009,6315.453707338952,502.7727966308594,552.7727966308594,201.77279663085938,322.7727966308594,A,722.6545264742094
S014,S009,6315.453707338952,502.7727966308594,552.7727966308594,201.77279663085938,322.7727966308594,B,617.396964685227
S014,S009,6315.453707338952,502.7727966308594,552.7727966308594,201.77279663085938,322.7727966308594,C,663.1257641237036
S014,S010,1753.1912032696723,487.5635681152344,537.5635681152344,186.56356811523438,185.96356811523435,A,282.6725502236446
S014,S010,1753.1912032696723,487.5635681152344,537.5635681152344,186.56356811523438,185.96356811523435,B,253.45269683581668
S014,S010,1753.1912032696723,487.5635681152344,537.5635681152344,186.56356811523438,185.96356811523435,C,284.4866248550224
S014,S011,7127.719086593689,568.5668334960938,618.5668334960938,267.56683349609375,406.4668334960937,A,845.7522684466094
S014,S011,7127.719086593689,568.5668334960938,618.5668334960938,267.56683349609375,406.4668334960937,B,726.9569503367147
S014,S011,7127.719086593689,568.5668334960938,618.5668334960938,267.56683349609375,406.4668334960937,C,785.4414225860637
S014,S012,5454.84377374143,481.1858215332031,531.1858215332031,180.18582153320312,251.3858215332031,A,615.1865836028014
S014,S012,5454.84377374143,481.1858215332031,531.1858215332031,180.18582153320312,251.3858215332031,B,524.2725207071109
S014,S012,5454.84377374143,481.1858215332031,531.1858215332031,180.18582153320312,251.3858215332031,C,561.4234909626448
S014,S013,3127.400496881075,483.26031494140625,533.2603149414062,182.26031494140625,181.56031494140626,A,393.99427236378745
S014,S013,3127.400496881075,483.26031494140625,533.2603149414062,182.26031494140625,181.56031494140626,B,341.87093074910297
S014,S013,3127.400496881075,483.26031494140625,533.2603149414062,182.26031494140625,181.56031494140626,C,372.1776499060039
S014,S015,10556.125709852575,578.795166015625,628.795166015625,277.795166015625,154.295166015625,A,1033.9935975658395
S014,S015,10556.125709852575,578.795166015625,628.795166015625,277.795166015625,154.295166015625,B,858.0581690682967
S014,S015,10556.125709852575,578.795166015625,628.795166015625,277.795166015625,154.295166015625,C,892.0073634042342
S015,O01,6009.38297162029,521.7992553710938,571.7992553710938,97.29925537109375,444.09925537109376,A,710.8547015738263
S015,O01,6009.38297162029,521.7992553710938,571.7992553710938,97.29925537109375,444.09925537109376,B,610.6983187134881
S015,O01,6009.38297162029,521.7992553710938,571.7992553710938,97.29925537109375,444.09925537109376,C,661.594861275337
S015,S001,5500.07917347659,547.315185546875,597.315185546875,122.815185546875,413.315185546875,A,664.6044005240908
S015,S001,5500.07917347659,547.315185546875,597.315185546875,122.815185546875,413.315185546875,B,572.936414299481
S015,S001,5500.07917347659,547.315185546875,597.315185546875,122.815185546875,413.315185546875,C,622.4556118906269
S015,S002,7164.390108585168,593.7526245117188,643.7526245117188,169.25262451171875,424.25262451171875,A,823.1511003573577
S015,S002,7164.390108585168,593.7526245117188,643.7526245117188,169.25262451171875,424.25262451171875,B,703.7445985476049
S015,S002,7164.390108585168,593.7526245117188,643.7526245117188,169.25262451171875,424.25262451171875,C,757.4533692995581
S015,S003,2616.366900890517,437.89886474609375,487.89886474609375,13.39886474609375,149.39886474609375,A,282.25640922134517
S015,S003,2616.366900890517,437.89886474609375,487.89886474609375,13.39886474609375,149.39886474609375,B,238.65029420650322
S015,S003,2616.366900890517,437.89886474609375,487.89886474609375,13.39886474609375,149.39886474609375,C,254.48343833085218
S015,S004,5648.280044723888,641.2510375976562,691.2510375976562,216.75103759765625,462.95103759765624,A,728.1207646319385
S015,S004,5648.280044723888,641.2510375976562,691.2510375976562,216.75103759765625,462.95103759765624,B,633.9827638865404
S015,S004,5648.280044723888,641.2510375976562,691.2510375976562,216.75103759765625,462.95103759765624,C,694.7279368194831
S015,S005,3754.922176202237,568.6133422851562,618.6133422851562,144.11334228515625,423.61334228515625,A,530.3932990259676
S015,S005,3754.922176202237,568.6133422851562,618.6133422851562,144.11334228515625,423.61334228515625,B,467.81126275593044
S015,S005,3754.922176202237,568.6133422851562,618.6133422851562,144.11334228515625,423.61334228515625,C,519.7801531367897
S015,S006,4684.4608460689415,601.2601318359375,651.2601318359375,176.7601318359375,336.4601318359375,A,583.8758338520993
S015,S006,4684.4608460689415,601.2601318359375,651.2601318359375,176.7601318359375,336.4601318359375,B,505.80148641761696
S015,S006,4684.4608460689415,601.2601318359375,651.2601318359375,176.7601318359375,336.4601318359375,C,551.2315083902732
S015,S007,2219.359431912627,452.918212890625,502.918212890625,28.418212890625,154.418212890625,A,256.1866421125106
S015,S007,2219.359431912627,452.918212890625,502.918212890625,28.418212890625,154.418212890625,B,219.19731824730013
S015,S007,2219.359431912627,452.918212890625,502.918212890625,28.418212890625,154.418212890625,C,236.53368706240428
S015,S008,3928.8940469076606,660.450927734375,710.450927734375,235.950927734375,439.550927734375,A,581.8785175808467
S015,S008,3928.8940469076606,660.450927734375,710.450927734375,235.950927734375,439.550927734375,B,516.3969501323857
S015,S008,3928.8940469076606,660.450927734375,710.450927734375,235.950927734375,439.550927734375,C,576.0821047547815
S015,S009,6362.737186061182,532.3267822265625,582.3267822265625,107.8267822265625,352.3267822265625,A,707.1010724712444
S015,S009,6362.737186061182,532.3267822265625,582.3267822265625,107.8267822265625,352.3267822265625,B,601.0554527035579
S015,S009,6362.737186061182,532.3267822265625,582.3267822265625,107.8267822265625,352.3267822265625,C,643.4765830746517
S015,S010,9196.05822349696,568.3262329101562,618.3262329101562,143.82623291015625,266.7262329101562,A,920.9707560921946
S015,S010,9196.05822349696,568.3262329101562,618.3262329101562,143.82623291015625,266.7262329101562,B,767.7031190339119
S015,S010,9196.05822349696,568.3262329101562,618.3262329101562,143.82623291015625,266.7262329101562,C,803.9641578522712
S015,S011,3461.196864772905,538.7306518554688,588.7306518554688,114.23065185546875,376.6306518554687,A,477.16221675841916
S015,S011,3461.196864772905,538.7306518554688,588.7306518554688,114.23065185546875,376.6306518554687,B,419.4756023455374
S015,S011,3461.196864772905,538.7306518554688,588.7306518554688,114.23065185546875,376.6306518554687,C,464.7540443214489
S015,S012,9317.61118163096,534.7462158203125,584.7462158203125,110.2462158203125,304.9462158203125,A,935.1948234041425
S015,S012,9317.61118163096,534.7462158203125,584.7462158203125,110.2462158203125,304.9462158203125,B,779.9013037102932
S015,S012,9317.61118163096,534.7462158203125,584.7462158203125,110.2462158203125,304.9462158203125,C,817.7456730136786
S015,S013,8348.973022024406,529.7706298828125,579.7706298828125,105.2706298828125,228.0706298828125,A,822.0662137494296
S015,S013,8348.973022024406,529.7706298828125,579.7706298828125,105.2706298828125,228.0706298828125,B,682.9166633823562
S015,S013,8348.973022024406,529.7706298828125,579.7706298828125,105.2706298828125,228.0706298828125,C,712.7417683628249
S015,S014,10556.125709852575,578.795166015625,628.795166015625,154.295166015625,277.795166015625,A,1042.2269308991729
S015,S014,10556.125709852575,578.795166015625,628.795166015625,154.295166015625,277.795166015625,B,866.29150240163
S015,S014,10556.125709852575,578.795166015625,628.795166015625,154.295166015625,277.795166015625,C,904.3573634042342
